Account_jeno_1980@hotmail.com,0
Account_xxgchappy@vip.sina.com,1
Address_1.235.10.28,2
Address_103.20.192.4,3
Address_103.20.222.170,4
Address_103.225.196.140,5
Address_104.151.248.173,6
Address_107.6.182.179,7
Address_113.10.246.0_-_113.10.246.255,8
Address_113.160.44.154,9
Address_116.127.121.109,10
Address_118.99.60.142,11
Address_120.50.40.145,12
Address_122.10.118.129,13
Address_122.10.118.131,14
Address_122.10.83.51,15
Address_122.10.83.62,16
Address_122.10.92.14,17
Address_122.112.2.14,18
Address_122.199.128.0,19
Address_122.199.194.197,20
Address_122.199.255.255,21
Address_123.254.109.166,22
Address_123.51.208.69,23
Address_124.172.243.211,24
Address_134.255.242.47,25
Address_141.255.160.0,26
Address_141.255.161.171,27
Address_141.255.167.255,28
Address_173.252.252.204,29
Address_175.100.206.183,30
Address_180.210.206.246,31
Address_184.105.64.183,32
Address_184.82.202.248,33
Address_188.40.99.143,34
Address_192.168.0.200,35
Address_192.168.64.167,36
Address_192.184.60.229,37
Address_192.69.204.57,38
Address_192.69.208.213,39
Address_194.38.160.153,40
Address_198.20.182.55,41
Address_199.193.66.51,42
Address_199.26.84.0,43
Address_199.26.84.143,44
Address_199.26.84.169,45
Address_199.26.87.255,46
Address_200.63.46.23,47
Address_200.63.46.33,48
Address_202.142.153.154,49
Address_202.142.172.131,50
Address_202.30.224.240,51
Address_202.65.220.0_-_202.65.220.255,52
Address_202.67.215.0_-_202.67.215.255,53
Address_204.74.215.58,54
Address_210.3.0.0_-_210.3.127.255,55
Address_213.152.173.147,56
Address_219.76.239.216_-_219.76.239.223,57
Address_2_0_0_._6_3_._4_6_._2_3,58
Address_31.9.48.119,59
Address_46.4.149.236,60
Address_5.9.244.151,61
Address_50.117.115.83,62
Address_50.117.115.84,63
Address_50.117.120.235,64
Address_58.64.143.245,65
Address_58.64.155.57,66
Address_58.64.155.59,67
Address_58.64.199.0,68
Address_58.64.199.22,69
Address_58.64.199.25,70
Address_58.64.199.27,71
Address_58.64.200.178,72
Address_58.64.200.179,73
Address_60.249.219.82,74
Address_64.26.174.74,75
Address_69.46.84.51,76
Address_69.90.65.240,77
Address_69.95.218.31,78
Address_70.168.71.240,79
Address_70.39.64.0_–_70.39.127.255,80
Address_72.34.47.186,81
Address_76.73.80.188,82
Address_80.149.239.139,83
Address_81.17.28.227,84
Address_81.17.28.229,85
Address_81.17.28.231,86
Address_81.17.28.235,87
Address_83.170.33.37,88
Address_83.170.33.60,89
Address_88.150.227.197,90
Address_95.128.72.24,91
AttackerGroup_1.php,92
AttackerGroup_Ajax_Security_Team,93
AttackerGroup_Byzantine_Hades,94
AttackerGroup_NCPH,95
AttackerGroup_Network_Crack_Program_Hacker,96
AttackerGroup_NewsOnAir,97
AttackerGroup_Nilsson_family,98
AttackerGroup_Pitty_Tiger,99
Attacker_0day,100
Attacker_1.php,101
Attacker_12779_Joseph_Nilsson,102
Attacker_22476_Ajax_Security_Team,103
Attacker_37_01_attackers,104
Attacker_41_01_attackers,105
Attacker_47_01_attackers,106
Attacker_5982_Byzantine_Foothold,107
Attacker_8064_Joseph_Nilsson,108
Attacker_8416_Evil_Security_Team,109
Attacker_86_Iranian_Ajax_Security_Team,110
Attacker_APT1,111
Attacker_AURORA_PANDA,112
Attacker_Adia_Mitchell,113
Attacker_Ajax_Security_Team,114
Attacker_Alfred_Nilsson,115
Attacker_Amanda_Teyson,116
Attacker_Automn_Snow,117
Attacker_Ava_T._Foster,118
Attacker_Basij_Cyber_Council,119
Attacker_Berna_Achando,120
Attacker_Byzantine_Anchor,121
Attacker_Byzantine_Candor,122
Attacker_Cair3x,123
Attacker_Chen,124
Attacker_China,125
Attacker_Cold_Air_Kiss,126
Attacker_Covert_Grove,127
Attacker_Crim3r,128
Attacker_DEEP_PANDA,129
Attacker_Donnie_Eadense,130
Attacker_Dorotha_Baasch,131
Attacker_Dorotha_Baash,132
Attacker_Evil_Security_Team,133
Attacker_Flamer,134
Attacker_HUrr!c4nE!,135
Attacker_HinT,136
Attacker_Hitham,137
Attacker_IXESHE,138
Attacker_Jane_Baker,139
Attacker_Jean-Pierre_Lesueur,140
Attacker_Jeann_Maclkin,141
Attacker_John_Kasai,142
Attacker_Joseph_Nilsson,143
Attacker_Josh_Furie,144
Attacker_Josh_Nilsson,145
Attacker_Kendrick_Babson,146
Attacker_Kenneth_Babcock,147
Attacker_Li_Ning,148
Attacker_Lilly,149
Attacker_LuckyCat,150
Attacker_Mary_Cole,151
Attacker_Menupass,152
Attacker_Mohammad_PK,153
Attacker_NEWSCASTER,154
Attacker_Night_Dragon,155
Attacker_Pitty_Tiger,156
Attacker_RipGof,157
Attacker_Roaming_tiger,158
Attacker_SabPub,159
Attacker_Sandra_Maler,160
Attacker_Sara_McKibben,161
Attacker_Sogu_gang,162
Attacker_Syrian_Electronic_Army,163
Attacker_Syrian_government,164
Attacker_Tohan,165
Attacker_TooT,166
Attacker_W32.Flamer,167
Attacker_WHG,168
Attacker_WZT,169
Attacker_Wicked/Withered_Rose,170
Attacker_Wicked_Rose,171
Attacker_aert,172
Attacker_ahmed,173
Attacker_liu_qiuping,174
Attacker_tonyy_starke,175
Attacker_whg,176
BusinessInformation_sensitive_competitive_proprietary_operations,177
Campaign_0dayaug12.exe,178
Campaign_41_01_campaign,179
Campaign_41_01_campaigns,180
Campaign_47_01_campaign,181
Campaign_49_01_campaigns,182
Campaign_59_01_campaign,183
Campaign_59_02_cyber_espionage_campaigns,184
Campaign_7-28,185
Campaign_Aurora,186
Campaign_Bahrain,187
Campaign_CloudyOmega,188
Campaign_DeputyDog,189
Campaign_FinSpy,190
Campaign_FinSpy_Mobile,191
Campaign_Google_Hack_Attack,192
Campaign_GreedyWonk,193
Campaign_HANGOVER,194
Campaign_HangOver,195
Campaign_Hangover,196
Campaign_HeartBeat,197
Campaign_IXESHE,198
Campaign_LadyBoyle,199
Campaign_Luckycat,200
Campaign_Lurid_Downloader,201
Campaign_Mahdi,202
Campaign_Microsoft_Internet_Explorer_0-day,203
Campaign_NEWSCASTER,204
Campaign_Night_Dragon,205
Campaign_Nitro,206
Campaign_OPERATION_AURORA,207
Campaign_Operation_Ababil,208
Campaign_Operation_Aurora,209
Campaign_Operation_Clandestine_Fox,210
Campaign_Operation_CloudyOmega,211
Campaign_Operation_Double_Tap,212
Campaign_Pitty_Tiger,213
Campaign_Red_October,214
Campaign_Rocra,215
Campaign_SAFFRON_ROSE,216
Campaign_SWC,217
Campaign_Saffron_Rose,218
Campaign_Shady_RAT,219
Campaign_Siesta,220
Campaign_Sin_Digoo,221
Campaign_SnowMan,222
Campaign_Stuxnet_0.5,223
Campaign_Taidoor,224
Campaign_VOHO,225
Campaign_ejun0503,226
Campaign_ejun0509,227
Campaign_ejun0511,228
Campaign_ejun0614,229
Campaign_ejun0708,230
Campaign_strong,231
Campaign_strongNewDns,232
Campaign_zjz1020,233
Country_4705_South_Korea,234
Country_Armenia,235
Country_Azerbaijan,236
Country_Bangladesh,237
Country_Beijing,238
Country_Belarus,239
Country_Belgium,240
Country_Brazil,241
Country_Brunei,242
Country_Cambodia,243
Country_China,244
Country_Czech_Republic,245
Country_Czech_republic,246
Country_Denmark,247
Country_France,248
Country_Germany,249
Country_Hungary,250
Country_India,251
Country_Iran,252
Country_Israel,253
Country_Italy,254
Country_Japan,255
Country_Kazakhstan,256
Country_Korea,257
Country_Kyrgyzstan,258
Country_Luxembourg,259
Country_Mongolia,260
Country_Myanmar,261
Country_Netherlands,262
Country_Pakistan,263
Country_Russia,264
Country_S._Korea,265
Country_Saudi_Arabia,266
Country_Spain,267
Country_Switzerland,268
Country_Syria,269
Country_Taiwan,270
Country_Tajikistan,271
Country_Thailand,272
Country_Tibet,273
Country_Turkmenistan,274
Country_U.S.,275
Country_UAE,276
Country_UK,277
Country_US,278
Country_USA,279
Country_Ukraine,280
Country_United_States,281
Country_Vietnam,282
CourseOfAction_20240_Check_for_communications_between_enterprise_system_and_known_NEWSCASTER_domains_and_IPs,283
CourseOfAction_21610_search_for_any_*.cmd_files_with_content_“TASKKILL_/f_/IM_acro*”,284
"CourseOfAction_26791_convert_the_Base64-like_GET_parameter_string_into_real_Base64_encoding,_and_check_if_it_decodes_correctly",285
CourseOfAction_Be_wary_of_unsolicited_links,286
CourseOfAction_Check_for_communications_to_URLs_associated_with_NEWSCASTER_social_network_accounts,287
CourseOfAction_Check_if_there_is_only_one_GET_parameter,288
CourseOfAction_Disable_AutoPlay,289
CourseOfAction_Known_search_strings_in_Google_search,290
CourseOfAction_Never_directly_engage_social_network_accounts,291
CourseOfAction_Never_disclose_sensitive_personally_identifiable_information,292
CourseOfAction_Never_visit_the_Newsonair.org_website,293
"CourseOfAction_Only_""friend""_or_""accept""_invites_on_social_network_sites_from_people_who_you_know",294
CourseOfAction_Yara,295
"CourseOfAction_check_if_after_the_last_but_first_“|”_character,_there_are_digits_only",296
CourseOfAction_check_if_path_is_not_empty_and_contains_index.php,297
"CourseOfAction_check_if_the_decoded_string_has_at_least_two_delimieter_character_""|""_in_it",298
CourseOfAction_check_if_the_version_part_of_the_string_follows_the_format_“1.11”_or_similar,299
CourseOfAction_do_not_create_trusted_connections_with_unknown_organizations,300
CourseOfAction_examining_your_HTTP_network_traffic,301
CourseOfAction_hardware_SSL_decrypter,302
CourseOfAction_network_intrusion_detection_system,303
CourseOfAction_proper_filtering_rules,304
CourseOfAction_update_Java_to_the_latest_1.7_version,305
CourseOfAction_update_Microsoft_Office_to_the_latest_version,306
CourseOfAction_update_Windows_and_third-party_application_security_patches,307
CourseOfAction_updating_Java_and_Office,308
CourseOfAction_updating_Microsoft_Office_2007_and_2010,309
CourseOfAction_upgrading_from_Windows_XP,310
CourseOfAction_upgrading_to_Java_1.7,311
Dropper0_dropper,312
Dropper_103.doc,313
Dropper_3087_Questionaire_Concerning_the_Spread_of_Superbugs_February_2014.exe,314
Dropper_48_01_dropper,315
Dropper_57_01_dropper,316
Dropper_57_02_dropper,317
Dropper_ASEM_seminar.pdf,318
Dropper_C:\src\hellodll\Release\hellodll.pdb,319
Dropper_EUAG_report.pdf,320
Dropper_IntelRS.exe,321
Dropper_Islamic_Jihad.doc,322
Dropper_Maudi,323
Dropper_Mdropper.F,324
Dropper_Mdropper.G,325
Dropper_PPDropper.A,326
Dropper_PPDropper.F,327
Dropper_S7hkimdb.dll,328
Dropper_System.WebServices.dll,329
Dropper_TROJ_SLOTH,330
Dropper_The_2013_Armenian_Economic_Association.pdf,331
Dropper_Trojan-Dropper:W32/OnionDuke.A,332
Dropper_WEXTRACT.exe,333
Dropper_Win32/Farfli.BEK,334
Dropper_action_plan.pdf,335
Dropper_c:\src\dlldropper\Release\L2P.pdb,336
Dropper_ctfmon.exe,337
Dropper_exp1ore.exe,338
Dropper_http://eyeleo.com-login.mobi/EyeLeo_Installer_1.1.exe,339
Dropper_http://newsonair.org/application/weathersp3_StubInstaller.exe,340
Dropper_iexp1ore.exe,341
Dropper_ifuedit[.]net/Healthcare_Questionnaire.zip,342
Dropper_report.pdf,343
Dropper_winword.pkg,344
Email_29_01_phishing_email,345
Email_41_01_email,346
Email_65_01_email,347
Email_August_visit_of_South_African_group,348
Email_Droeshi,349
Email_Statement_of_the_Kashag,350
Email_The_concept_notes,351
Email_ip@nexg_._net,352
Email_king_public@hotmail.com,353
Email_liangcheng04@sina.com,354
Email_minaki.yang@yahoo.com,355
Email_mongolianews@yahoo.com,356
Email_o_hlemonk@163.com,357
Email_o_jeno_1980@hotmail.com,358
Email_ohhdl@dalailama.com,359
Email_sofoxman@gmail.com,360
Email_wendellom@yahoo.com,361
Email_whiteyoo_123@yahoo_._com,362
ExploitTargetObject0_undisclosed_company,363
ExploitTargetObject_1791_Smith_Richardson_Foundation,364
ExploitTargetObject_19568_steel_industry,365
"ExploitTargetObject_4067_aerospace,_energy,_engineering,_shipping,_and_military_research_industries",366
ExploitTargetObject_4222_East_Asian_governments,367
ExploitTargetObject_5192_Unites_States,368
ExploitTargetObject_5266_local_Iranian_users_of_anti-censorship_technologies,369
ExploitTargetObject_65_01_Japanese_chemical_company,370
ExploitTargetObject_7341_U.S._Department_of_Defense,371
ExploitTargetObject_A_military_branch_of_South_Korean_armed_forces,372
ExploitTargetObject_A_national_policy_research_institute,373
ExploitTargetObject_A_telecommunications_company,374
ExploitTargetObject_Adobe,375
ExploitTargetObject_American_Research_Center_in_Egypt,376
ExploitTargetObject_Bahraini_activists,377
ExploitTargetObject_Bangladesh,378
ExploitTargetObject_Brunei,379
ExploitTargetObject_Canada,380
ExploitTargetObject_Capstone_Turbine,381
ExploitTargetObject_ETHIOPIA,382
ExploitTargetObject_East_Asian_governments,383
ExploitTargetObject_Ethiopia,384
ExploitTargetObject_Fortune_100,385
ExploitTargetObject_Ginbot_7,386
ExploitTargetObject_Google,387
ExploitTargetObject_India,388
ExploitTargetObject_Iran,389
ExploitTargetObject_Iraq,390
ExploitTargetObject_Japan,391
ExploitTargetObject_Latvia,392
ExploitTargetObject_Malaysia,393
ExploitTargetObject_Media_outfits,394
ExploitTargetObject_Mexico,395
ExploitTargetObject_Microsoft,396
ExploitTargetObject_Mongolia,397
ExploitTargetObject_NGOs,398
ExploitTargetObject_Pakistan,399
ExploitTargetObject_Pakistani,400
ExploitTargetObject_Peter_G._Peterson_Institute_for_International_Economics,401
ExploitTargetObject_Peterson_Institute,402
ExploitTargetObject_Political_parties,403
ExploitTargetObject_Qatar,404
ExploitTargetObject_Saudi_Arabia,405
ExploitTargetObject_Serbia,406
ExploitTargetObject_Smith_Richardson_Foundation,407
ExploitTargetObject_Symantec,408
ExploitTargetObject_Syrian_opposition,409
ExploitTargetObject_Taiwan,410
ExploitTargetObject_Taiwanese_electronics_manufacturers,411
ExploitTargetObject_Tibetan_activists’_community,412
ExploitTargetObject_Tibetan_and_Uyghur_activists,413
ExploitTargetObject_U.K.,414
ExploitTargetObject_U.S._think_tanks,415
ExploitTargetObject_UAE,416
ExploitTargetObject_US,417
ExploitTargetObject_United_States,418
ExploitTargetObject_VIETNAM,419
ExploitTargetObject_Vietnam,420
ExploitTargetObject_Washington_D.C._area_journalists,421
ExploitTargetObject_Yahoo,422
ExploitTargetObject_activist_in_Damascus,423
ExploitTargetObject_communications_companies,424
ExploitTargetObject_congressional_personnel,425
ExploitTargetObject_construction,426
ExploitTargetObject_defense_contractors_in_the_U.S.,427
ExploitTargetObject_defense_industrial_base,428
ExploitTargetObject_electronics_manufacturers,429
ExploitTargetObject_energy_sector,430
ExploitTargetObject_heavy_engineering,431
ExploitTargetObject_senior_U.S._military_and_diplomatic_personnel,432
ExploitTargetObject_telecommunications_company,433
ExploitTargetObject_uranium_enrichment_process,434
ExploitTargetObject_vocal_supporters_of_Israel,435
ExploitTargetObject_www.arce[.]org,436
ExploitTargetObject_www.piie[.]com,437
ExploitTargetObject_www.srf[.]org,438
Exploit_20006_denial_of_service,439
Exploit_37_01_Private,440
Exploit_37_02_Private,441
Exploit_37_03_Private,442
Exploit_37_04_Private,443
Exploit_908_Spear_phishing_emails,444
Exploit_C&C,445
Exploit_Command_and_Control,446
Exploit_EXP.EXE,447
Exploit_Enblue.htm,448
Exploit_Engine.js,449
Exploit_KeyX.exe,450
Exploit_NewsOnAir.org,451
Exploit_Paladin,452
Exploit_Paladin_RAT,453
Exploit_SQL-injection,454
Exploit_Shred,455
Exploit_Shtrace.exe,456
Exploit_Spear-phishing_emails,457
Exploit_Terminator3.6,458
Exploit_TmUpdate.exe,459
Exploit_XLS_exploit,460
Exploit_XPlugDisk,461
Exploit_XPlugNethood,462
Exploit_XPlugNetstat,463
Exploit_XPlugOption,464
Exploit_XPlugPortMap,465
Exploit_XPlugProcess,466
Exploit_XPlugRegedit,467
Exploit_XPlugSQL,468
Exploit_XPlugScreen,469
Exploit_XPlugService,470
Exploit_XPlugShell,471
Exploit_XPlugTelnet,472
Exploit_dump.exe,473
Exploit_dumped_hashes,474
Exploit_dynamic_Domain_Name_System,475
Exploit_getos.exe,476
Exploit_ggg.exe,477
Exploit_ggg64.exe,478
Exploit_hard-coded_ROP_chain,479
Exploit_hxxp://xxxxxxxcurling.com,480
Exploit_iochttp.exe,481
Exploit_iochttp3.exe,482
Exploit_ippmin.exe,483
Exploit_lankiller,484
Exploit_m.exe,485
Exploit_map.exe,486
Exploit_nc.exe,487
Exploit_nc1.exe,488
Exploit_nc2.exe,489
Exploit_nltest.exe,490
Exploit_passive_email_attacks,491
Exploit_powershell_scripts,492
Exploit_pr.exe,493
Exploit_putty.exe,494
Exploit_pwdump.dll,495
Exploit_pwdump.exe,496
Exploit_return-oriented_programming,497
Exploit_social_engineering,498
Exploit_spear-phishing_emails,499
Exploit_spear-phishing_messages,500
Exploit_targeted_email_with_a_PDF,501
Exploit_targeted_emails,502
Exploit_wget.exe,503
Exploit_xForceDel.ex,504
Exploit_xPort.exe,505
Exploit_zero-day,506
Exploit_“watering_hole”_attacks,507
File_%AllUsersProfile%\Application_Data\Microsoft\HTML_Help\hhorcslt.dat,508
File_%Program_Files%\Common_Files\AcroRd32.exe,509
File_%Program_Files%\Common_Files\Services\6to4nt.dll,510
File_%Program_Files%\Common_Files\System\6to4nt.dll,511
File_%Program_Files%\Common_Files\config.exe,512
File_%Program_Files%\Windows_NT\Accessories\6to4nt.dll,513
File_%Program_Files%\Windows_NT\htrn.dll,514
File_%Program_Files%\Windows_NT\htrn_jls.dll,515
File_%Program_Files%\Windows_NT\hyper.dll,516
File_%System%\Network_Remote.dll,517
File_%System%\SvcHost.dll,518
File_%System%\complnd.dll,519
File_%System%\comuid.dat,520
File_%System%\dllcache\datacprs.dll,521
File_%System%\drivers\PCIBUS.SYS,522
File_%System%\drivers\mrxcls.sys,523
File_%System%\drivers\usbacc11.sys,524
File_%System%\dssbase.dat,525
File_%System%\inetpsp.dll,526
File_%System%\msrt.exe,527
File_%System%\netsimp32.dll,528
File_%System%\perfg009.dat,529
File_%System%\wbem\perfnws.dll,530
File_%Temp%/DF419a.tmp,531
File_%WINDIR%\AppPatch\AcProtect.dll,532
File_%WINDIR%\AppPatch\Custom\%GUID%.sdb,533
File_%WINDIR%\AppPatch\msimain.mui,534
File_%WinDir%\Installer\{6F716D8C-398F-11D3-85E1-005004838609}\places.dat,535
File_%WinDir%\help\winmic.fts,536
File_%WinDir%\inf\mdmcpq3.PNF,537
File_%WinDir%\inf\mdmeric3.PNF,538
File_%WinDir%\inf\oem6C.PNF,539
File_%WinDir%\inf\oem7A.PNF,540
File_%WinDir%\inf\oem7F.pnf,541
File_%WinDir%\inf\oem7w.pnf,542
File_%WinDir%\inf\~67.tmp,543
File_%WinDir%\msagent\agentsb.dll,544
File_%WinDir%\msagent\intl\agt0f2e.dll,545
File_103.doc,546
"File_1500_Yemeni_Women_can_participate_in_politics_just_like_men,_says_President_Saleh",547
File_29_01_malicious_office_document,548
File_3979106736.gif,549
File_65_01_.zip_files,550
File_7793_[2_characters].tmp,551
File_842_Operation_Protective_Edge.xlsb,552
File_8958.doc,553
File_:\Projects\C#\Sayad\Source\Client\bin\x86\Debug\Client.pdb,554
File_AppTransferWiz.DLL,555
File_AppTransferWiz.dll,556
File_BrightBalls.swf,557
File_C:\Documents_and_Settings\user\Local_Settings\Temp\31A.tmp,558
File_C:\Documents_and_Settings\user\Local_Settings\Temp\perf6cd2e5e9.dat,559
File_C:\ProgramData\Google2\GoogleUpdate.exe,560
File_C:\Users\[User]\AppData\Local\Temp\IXP000.TMP,561
File_C:\WINDOWS\system32\STREAM.SYS,562
File_C:\WINDOWS\system\MSMAPI32.SRG,563
File_C:\WINDOWS\system\lock.dat,564
File_DW20.exe,565
File_DelphiNative.dll,566
File_Dharamsala_August_2012_Full_program.xls,567
File_DiagnosticsService.dll,568
File_Droeshi_final.doc,569
File_EIDHR_action_plan.xlsx,570
File_GoogleUpdate.exe,571
File_Halloween.scr,572
File_IntelRS.exe.config,573
File_July6thFinal.doc,574
File_Kimawi.jpg,575
File_LOSAR_FLYER_edited-3.pdf,576
File_MSN.exe,577
File_McUtil.DLL,578
File_McUtil.DLL.PPT,579
File_MediaSoft.exe,580
File_Operation_Protective_Edge.xlsb,581
File_RapidStartTech.stl,582
File_Reader_SL.exe,583
File_Request.pdf,584
File_SUCHOST.EXE,585
File_THAM_luan-_GD-_NCKH2.doc,586
File_Tope.swf,587
File_UAC.TMP,588
File_VPN-PRO.zip,589
File_VPN-Pro.exe,590
File_WEXTRACT.exe,591
File_WWW.DREAMLIFES.NET/Afghanistan/Afghanistan.zip,592
File_Wor.doc,593
File_XPlugDisk.cpp,594
File_XPlugNethood.cpp,595
File_XPlugNetstat.cpp,596
File_XPlugOption.cpp,597
File_XPlugPortMap.cpp,598
File_XPlugProcess.cpp,599
File_XPlugRegedit.cpp,600
File_XPlugSQL.cpp,601
File_XPlugScreen.cpp,602
File_XPlugService.cpp,603
File_XPlugShell.cpp,604
File_XPlugTelnet.cpp,605
File_XR000001.MDX,606
File_XR00001.MDX,607
File_bg_<sthg>.gif,608
File_bg_<sthg>.gif_dec,609
File_csrss.exe,610
File_ctfmon.exe,611
File_dump00C60000.bin,612
File_ernel32.dll,613
File_f:\Projects\C#\Sayad\Source\Binder\obj\Debug\Binder.pdb,614
File_http://{malicious_domain}/{organization_name}/{legitimate_archive_name}.zip,615
File_include.html,616
File_installation.dll,617
File_isssync.exe,618
File_mcvsmap.exe,619
File_msi.dll,620
File_mspmsnsr.dll,621
File_oem7w.pnf,622
File_pakistandefencetoindiantopmiltrysecreat.exe,623
File_pakterrisiomforindian.exe,624
File_s7hkimdb.dll,625
File_sqlite3.dll,626
File_sqllite3.dll,627
File_svchost.exe,628
File_tempfile.dat,629
File_thumb.db,630
File_update.exe,631
File_user.info,632
File_~8f60957b3689075fa093b047242c0255.exe,633
File_~8f60957b3689075fa093b047242c0255.exe.config,634
File_~dfds3.reg,635
File_幹!.doc,636
File_標案資料.doc,637
FinancialInformation_project-financing_information,638
GeneralVirus_Dasher,639
GeneralVirus_WORM_OTORUN.TMP,640
GeneralVirus_Win32/Agent.NLD,641
Host_1stsale.net,642
Host_i-tobuy.com,643
Host_socialup.net,644
Indicator_###@@@,645
Indicator_#Radio,646
Indicator_#Weather,647
Indicator_#albert,648
Indicator_#tistani,649
Indicator_%ALLUSERSPROFILE%\SxS\bug_._l_o_g,650
Indicator_%Temp%\happiness.txt,651
Indicator_%Temp%\xxxx.exe,652
Indicator_&&&,653
Indicator_*******curling.com,654
Indicator_0o0o0o0o0[dot]com,655
Indicator_0x000015D0,656
Indicator_13855_[C&C]/{5_random_characters}.php?id={6_random_numbers}{encrypted_victim’s_MAC_address},657
Indicator_14821_http://youtube.comlogin.mobi/watch.aspx?v=uYvYJtzT8js&feature=youtu.be&f=g&h=http://youtu.be/kxXA_2_4Yv2A,658
Indicator_2093_GET_/[5_characters].php?id=[6_numbers][12_characters/numbers],659
Indicator_25874_?a=MjIzMTQyMzkzM3xST3xIT01FL0hPTUV8NXwxfDN8MXwwfC18LXwyLjEy&g=MjIzMTQy_M.,660
Indicator_26978_ns2._aeroconf2014[.]org,661
Indicator_28767_HKEY___USERS\<SID>\Software\Microsoft\Windows\CurrentVersion\Explorer\_ShellRecoveryState,662
Indicator_3637_c:\Users\aa\Documents\Visual_Studio_2008\Projects\4113\Release_\4113.pdb,663
Indicator_3746_C:\Users\aa\Documents\Visual_Studio_2010\Projects\MyRat\Client\Client_\obj\x86\Release\Client.pdb,664
Indicator_4650_/[file_name].jsp?[2_random_characters]=[6_random_characters][encrypted_MAC_address],665
Indicator_666wifjDfjalQWLK,666
Indicator_69fd05ca3a7514ea79480d1dbb358fab391e738d,667
Indicator_7002_y:\lsvn_branches\finspyv4.01\finspyv2\src\target\bootkit_x32driver\objfre_w2k_x86\i386\bootkit_x32driv_er.pdb,668
Indicator_771a376df6aba0ce31e0c8e43cdf0800,669
Indicator_8904836017bc20972a769f8d4d6bee08388da3d0f83e362e67f9f0b6b1ae5c12,670
Indicator_9LidWIdf230DFkdL,671
Indicator_<CRC>|base64|<size>|<md5>,672
Indicator_ACCELORATOR,673
Indicator_Adobe_Assistant,674
Indicator_AntiVirus_update_package.7z,675
Indicator_BaneChant,676
Indicator_C:\Documents_and_Settings\Administrator\桌面\新建文件夹\读取文件\Release\读取文件.pdb,677
Indicator_C:_\_Documents_and_S_e_t_t_i_n_g_s_\_A_l_l_Users_\VirusMap,678
Indicator_C:_\_Documents_and_S_e_t_t_i_n_g_s_\_A_l_l_Users_\VirusMap\NvSmart_._hlp,679
Indicator_C:_\_ProgramData\VirusMap,680
Indicator_C:_\_Users_\_A_l_l_Users_\VirusMap,681
Indicator_CECON.FLOWER-SHOW.ORG,682
Indicator_CONFIG_DESTORY!,683
Indicator_CurtinDiana,684
Indicator_Cyb3rsleuth,685
Indicator_DFJ2dskl2394FDLI,686
Indicator_DNS5._4CUN.COM,687
Indicator_DNS6._4CUN.COM,688
Indicator_DataBase@Hotmail.com,689
Indicator_EdithAlbert1,690
Indicator_Etoursinfo,691
Indicator_FontenotHoward,692
Indicator_GT446.ezua.COM,693
Indicator_HASTATI,694
Indicator_HJUlOIDIREYUkLLa,695
Indicator_HJUlredIREYUkLLa,696
Indicator_HKCU\Software\Microsoft\ApplicationManager_with_a_value_of_AppID,697
Indicator_HKEY_CURRENT_USER\Software\Microsoft\Windows\CurrentVersion\Explorer\Shell_Folders\Startup,698
"Indicator_HKEY_CURRENT_USER\Software\Microsoft\Windows\CurrentVersion\Run\""Acroread""",699
"Indicator_HKEY_CURRENT_USER\Software\Microsoft\Windows\CurrentVersion\Run\""AdobeCheck""",700
"Indicator_HKEY_CURRENT_USER\Software\Microsoft\Windows\CurrentVersion\Run\""AdobeCom""",701
"Indicator_HKEY_CURRENT_USER\Software\Microsoft\Windows\CurrentVersion\Run\""Adobe_Update""",702
"Indicator_HKEY_CURRENT_USER\Software\Microsoft\Windows\CurrentVersion\Run\""IMSCMig""",703
"Indicator_HKEY_CURRENT_USER\Software\Microsoft\Windows\CurrentVersion\Run\""McUpdate""",704
"Indicator_HKEY_CURRENT_USER\Software\Microsoft\Windows\CurrentVersion\Run\""Register""",705
"Indicator_HKEY_CURRENT_USER\Software\Microsoft\Windows\CurrentVersion\Run\""SysTray""",706
"Indicator_HKEY_CURRENT_USER\Software\Microsoft\Windows\CurrentVersion\Run\""systemupdate""",707
"Indicator_HKEY_CURRENT_USER\Software\Microsoft\Windows\CurrentVersion\Run\""wininstaller""",708
Indicator_HKEY_CURRENT_USER\_Software_\_M_i_c_r_o_s_o_f_t_\Windows\_CurrentVersion_\Run,709
"Indicator_HKEY_LOCAL_MACHINE\SOFTWARE\Microsoft\Windows\CurrentVersion\Run\""APVSVC""",710
"Indicator_HKEY_LOCAL_MACHINE\SOFTWARE\Microsoft\Windows\CurrentVersion\Run\""AdobeUpdate""",711
Indicator_HKEY_LOCAL_MACHINE\SYSTEM\_ControlSet001_\_S_e_r_v_i_c_e_s_\VirusMap,712
Indicator_HKEY___LOCAL___MACHINE\SYSTEM\CurrentControlSet\Services\MRxCls,713
Indicator_HKEY___LOCAL___MACHINE\SYSTEM\CurrentControlSet\Services\usbacc11,714
Indicator_HKLM\Software\Microsoft\Windows\CurrentVersion\Policies\Explorer\Run\System,715
Indicator_HkyeiIDKiroLaKYr,716
Indicator_INTERNETEXPLORERS.ORG,717
Indicator_Internetexplorers.org,718
Indicator_JennieCartagena,719
Indicator_JinDiQIAO@hotmail.com,720
Indicator_Jmidebs.sys_25552,721
Indicator_KellyPalmer20,722
Indicator_LorindaRay1,723
Indicator_MRXCLS.SYS,724
Indicator_Migrated,725
Indicator_Mjtdkj,726
Indicator_MogolSoft@Hotmail.com,727
Indicator_Mol-government.com,728
Indicator_Mrxcls.sys,729
Indicator_Mrxnet.sys_17400,730
Indicator_NewsOnAir.org,731
Indicator_Newsforyou,732
Indicator_ObamaApril,733
Indicator_OjlDLjw5Pi4+NUAuQDBA,734
Indicator_PCIBUS.SYS,735
Indicator_PR!NCPES,736
Indicator_PROTOCOL_OLD*,737
Indicator_PROTOCOL_OLD_E**,738
Indicator_PROTOCOL_RED,739
Indicator_PROTOCOL_SIGNUP,740
Indicator_Pitty_Tiger,741
Indicator_RuthHarper14,742
Indicator_SoftSign@HotMail.com,743
Indicator_TinaPena10,744
Indicator_USBACC11.SYS,745
Indicator_WWW.AeleWare.NET,746
Indicator_WWW.CeleWare.NET,747
Indicator_Write_of_address_00000000._Process_stopped,748
Indicator_YAHOO−UPGRADE.COM,749
Indicator_YFds*&^ff,750
Indicator_[ALLUSERSPROFILE]\WindowsUpdate\System\isass.exe,751
Indicator_[REMOVED].alfalcons.com,752
Indicator_[REMOVED].arnotex.com,753
Indicator_[REMOVED].photo-frame.com,754
Indicator_[REMOVED]comminc.us.to,755
Indicator_[TEMP]\System\Configuration.ini,756
Indicator_[TEMP]\lpt1\driver.bat,757
Indicator_\PIPE\RUN_AS_USER($PID),758
Indicator_\PIPE\a$PID,759
Indicator_\PIPE\b$PID,760
Indicator_\x01\x50[\x00-\xff]+\x68\x57\x24\x13,761
Indicator_\x58\x0d\x0a,762
Indicator_accounts.google.com-login.mobi,763
Indicator_acquisition.7z,764
Indicator_adobeflashupdate.dynu.com,765
Indicator_adobeupdate1.dtdns.net,766
Indicator_adservice.no-ip[.]org,767
Indicator_advapi32.dll,768
Indicator_ali.blankchair[.]com,769
Indicator_ali[.]blankchair[.]com,770
Indicator_anti-virus.sytes.net,771
Indicator_antivirus-groups.com,772
Indicator_apple.cmdnetview.com,773
Indicator_army-1022,774
Indicator_army.xxuz.com,775
Indicator_asia-online.us,776
Indicator_aunewsonline.com,777
Indicator_avvmail.com,778
Indicator_backto.ddns.name,779
Indicator_bbs.afbjz.com,780
Indicator_bbs.ezxsoft.com,781
Indicator_bodologetee.com,782
Indicator_book.flnet[.]org,783
Indicator_book[.]flnet[.]org,784
Indicator_c3d14ee0bd01ebc9e5844578babe462f,785
Indicator_c:\Users\aa\Documents\Visual_Studio_2008\Projects\MShell\Release,786
Indicator_cas.ibooks.tk,787
Indicator_cas.m-e.org.ru,788
Indicator_catlovers.25u.com,789
Indicator_checkpdate.youdontcare.com,790
Indicator_cht.blankchair[.]com,791
Indicator_cht[.]blankchair[.]com,792
Indicator_colville.com,793
Indicator_com-login.mobi,794
Indicator_cpnet.phmail.us,795
Indicator_cresy.zyns.com,796
Indicator_cryptbase.dll,797
Indicator_cvba.com,798
Indicator_cvnx.zyns.com,799
Indicator_d_e_x_t_e_r_s_e_a_s_o_n_._com,800
Indicator_deebeedesigns.ca,801
Indicator_dev.teamattire.com,802
Indicator_digitalapp.org,803
Indicator_dll.freshdns.org,804
Indicator_dll.freshdns[.]org,805
Indicator_dll[.]freshdns[.]org,806
Indicator_dnsedc,807
Indicator_domain.rm6.org,808
Indicator_domain_wmi.ns01[.]us,809
Indicator_dotkang.vicp.net,810
Indicator_doversolutions.co.in,811
Indicator_download.epac.to,812
Indicator_download.updateexplore.com,813
Indicator_download.updatexplore.com,814
Indicator_downloadcenter.mcafeea.com,815
Indicator_drgeorges.com,816
Indicator_dril-quip.deltae.com.br,817
Indicator_dsds.co.kr,818
Indicator_dtl.dnsd.me,819
Indicator_dtl.eatuo.com,820
Indicator_dvdform_._com,821
Indicator_dwm.dnsedc.com,822
Indicator_e3SCNUA2Om97ZXJ1fGI+Y4Bt,823
Indicator_e5aac039-cf4a-4b1d-9507-df7001ee2637,824
Indicator_e:\programs\LuridDownLoader\LuridDownloader,825
Indicator_elizabearden.com,826
Indicator_engineer.lflinkup.org,827
Indicator_enjoy.bmwsee.com,828
Indicator_enjoy.irdet.com,829
Indicator_exactearth.info.tm,830
Indicator_eyeleo.com-login.mobi,831
Indicator_fbi.sexxxy.biz,832
Indicator_fbrshop.com,833
Indicator_feds.comule.com,834
Indicator_firebirdonline.com,835
Indicator_forceoptions.net,836
Indicator_freelanceindy.com,837
Indicator_freetrade[.]allowed[.]org,838
Indicator_fsvts.vicp.net,839
Indicator_ftp.xmahone.ocry.com,840
Indicator_fuckchina.govnb[.]com,841
Indicator_fun4us.us,842
Indicator_futuresgolda.com,843
Indicator_garyhart.com,844
Indicator_gdi32.dll,845
Indicator_gf.arabidc.com,846
Indicator_gifas[.]assso[.]net,847
Indicator_gjmftbttpdjbuf/ofu,848
Indicator_gobroadreach.com,849
Indicator_gogotrade[.]apple.org[.]ru,850
Indicator_goodmongol.com,851
Indicator_google.macforlinux.net,852
Indicator_google.ninth.biz,853
Indicator_googlenewsup.net,854
Indicator_hW$,855
Indicator_happiness.txt,856
Indicator_help.yahoo-upgrade.com,857
Indicator_help_._yahoo−upgrade_._com,858
Indicator_hint.happyforever.com,859
Indicator_hojutsu.com,860
Indicator_homepage[.]longmusic[.]com,861
Indicator_http://[C&C_Server]/[ACD]_ES[Some_Numbers].jsp,862
Indicator_http://afgcall.com/demo/index.php,863
Indicator_http://arabooks.ch/events/,864
Indicator_http://arabooks.ch/lib/,865
Indicator_http://arabooks.ch/srch/,866
Indicator_http://artas.org/engine/,867
Indicator_http://hottraveljobs.com/forum/docs/info.php,868
Indicator_http://tsoftonline.com/conf/,869
Indicator_http://tsoftonline.com/views/,870
Indicator_http://www.micro{BLOCKED}._com/index.html,871
Indicator_http://www.tsoftonline.com/engine/,872
Indicator_hxxp://0o0o0o0o0.com,873
Indicator_hxxp://0o0o0o0o0.com/soft.php,874
Indicator_hxxp://symbisecure.com/adserv/get.php,875
Indicator_hxxp://symbisecure.com/update/winword.pkg,876
Indicator_icybin.flnet[.]org,877
Indicator_icybin[.]flnet[.]org,878
Indicator_ids.ns01[.]us,879
Indicator_imlang.phmail.org,880
Indicator_imly.org,881
Indicator_info.flnet[.]org,882
Indicator_info.leveldelta.com/php/text.php,883
Indicator_info[.]flnet[.]org,884
Indicator_inform.bedircati[.]com,885
Indicator_intel-update[.]com,886
Indicator_internetexplorers.org,887
Indicator_interradiology.com,888
Indicator_iphlpapi.dll,889
Indicator_java.ns1[.]name,890
Indicator_jimnaugle.com,891
Indicator_join.playboysplus[.]com,892
Indicator_kayauto.net,893
Indicator_keenathomas.com,894
Indicator_kernel32.dll,895
Indicator_kkts.yeshopea.com,896
Indicator_kllserver.serveftp.com,897
Indicator_klserver.servehttp.com,898
Indicator_ks.utworld.ch,899
Indicator_lUFEfiHKDroLaKYr,900
Indicator_lUFEfiHKljfLKWPR,901
Indicator_lUFujJFDiufLKWPR,902
Indicator_launch.lnk,903
Indicator_liumingzhen.myftp.org,904
Indicator_liumingzhen.zapto.org,905
Indicator_login.yahoo.com-login.mobi,906
Indicator_m.login.live.com-login.mobi,907
Indicator_mac.gov.hpc.tw,908
Indicator_mac.gov.skies.tw,909
Indicator_mast.zyns.com,910
Indicator_mcafeea.com,911
Indicator_mcaffeea.com,912
Indicator_me.scieron[.]com,913
Indicator_me[.]scieron[.]com,914
Indicator_media.conci.com.au,915
Indicator_media.finanstalk.ru,916
Indicator_media.metdf.com.au,917
Indicator_mediaplayercodec.net,918
Indicator_meeting.toh.info,919
Indicator_meeting[.]toh[.]info,920
Indicator_miamivicedvdboxset_._com,921
Indicator_microsafes.no-ip[.]org,922
Indicator_mogolsoft@hotmail.com,923
Indicator_mol-goverment.com,924
Indicator_mol-government.com,925
Indicator_moo,926
Indicator_mountainvalley.americanunfinished.com,927
Indicator_mpr.dll,928
Indicator_mrswehrman.com,929
Indicator_msvcrt.dll,930
Indicator_mwa.net,931
Indicator_nasa.xxuz.com,932
Indicator_nateon.duamlive.com,933
Indicator_nativeame2.jkub.com,934
Indicator_news.bfinancea.net,935
Indicator_news.grouptumbler.com,936
Indicator_news.grouptumbler.com/news/feed.php,937
Indicator_news.hqrls.com,938
Indicator_news_._grouptumbler_._com,939
Indicator_newss[.]effers[.]com,940
Indicator_newsyandex.com,941
Indicator_niisvt.f3322.org,942
Indicator_njgnjvejvorenwtrnionrionvironvrnvcg210public,943
Indicator_note.wikaba.com,944
Indicator_ns2.adultstick.com,945
Indicator_nscnet.gov.medicare.tw,946
Indicator_ntdll.dll,947
Indicator_o_enbtcd@yahoo.com.co,948
Indicator_o_qwer.wekby.com,949
Indicator_oa[.]ameteksen[.]com,950
Indicator_odbc32.dll,951
Indicator_odysseus.qs-va.orbcomm.net,952
Indicator_oem7a.pnf,953
Indicator_offer.7z,954
Indicator_office.windowsessentials[.]tk,955
Indicator_ohb-technology.brgh.de,956
Indicator_ole32.dll,957
Indicator_omegalogos.org,958
Indicator_opp.gov.taiwans.tw,959
Indicator_outbreak.dll,960
Indicator_overpict.com,961
Indicator_p.hannmaill.net,962
Indicator_pastorsrest.com,963
Indicator_pluginadobe[.]com,964
Indicator_pn.lamb-site[.]com,965
Indicator_poisonivy-rat.com,966
Indicator_portal.itsaol.com,967
Indicator_ppt.bodologetee.com,968
Indicator_pr[REMOVED].noip.org,969
Indicator_preter.epac.to,970
Indicator_progammerli.com,971
Indicator_psapi.dll,972
Indicator_pswpsw,973
Indicator_rbaparts.com,974
Indicator_report.crabdance.com,975
Indicator_roudan.serveftp.com,976
Indicator_route.cisco.ns01.info,977
Indicator_rt.blankchair[.]com,978
Indicator_s.hiinet.net,979
Indicator_s_m_a_l_l_v_i_l_l_e_d_v_d_s_e_t_._com,980
Indicator_savmpet[.]com,981
Indicator_scrlk.exprenum.com,982
Indicator_secuina.com,983
Indicator_secure[.]safran-group[.]com,984
Indicator_securitywap[.]com,985
Indicator_sfc.dll,986
Indicator_shell32.dll,987
Indicator_shlwapi.dll,988
Indicator_shop.fujifilm[.]be,989
Indicator_shunleewest.com,990
Indicator_silence.phdns01.com,991
Indicator_skys{BLOCKED}com,992
Indicator_slowblog.com,993
Indicator_smilecare.com,994
Indicator_soft@hotmail.com,995
Indicator_software.myftp.info,996
Indicator_soko.com,997
Indicator_spacecorp.sizn-ru.com,998
Indicator_support_._ayuisyahooapis_._com,999
Indicator_support_._yahoo−upgrade_._com,1000
Indicator_systemupdate1.suroot.com,1001
Indicator_systemupdate2.etowns.net,1002
Indicator_systemupdate3.suroot.com,1003
Indicator_systemupdate5.dtdns.net,1004
Indicator_t_r_x_f_o_r_c_e_k_i_t_o_r_i_g_i_n_a_l_._com,1005
Indicator_t_u_r_b_o_f_i_r_e_c_o_u_p_o_n_._com,1006
Indicator_tcw.homier.com,1007
Indicator_technology[.]acmetoy[.]com,1008
Indicator_thecrownsgolf.org,1009
Indicator_thejoe.publicvm.com,1010
Indicator_tradeproject[.]rlogin[.]org,1011
Indicator_transactiona.com,1012
Indicator_trulrich,1013
Indicator_tw.2012yearleft.com,1014
Indicator_tw.myblog.yahoo.com,1015
Indicator_twocirclesmusic.com,1016
Indicator_un.linuxd.org,1017
Indicator_update.alyac.org,1018
Indicator_update.macafeea.com,1019
Indicator_update.mcafeea.com,1020
Indicator_update.microsoft.com,1021
Indicator_update.sektori.org,1022
Indicator_update_._ayuisyahooapis_._com,1023
Indicator_update_._t_r_e_n_d_m_i_c_r_o_s_o_f_t_._co_._i_n,1024
Indicator_update_flashplayer10ax.7z,1025
Indicator_updatexplore.com,1026
Indicator_uri!,1027
Indicator_uri!wp07VkkxYmHJnTtmuxrvY8ST8m6It3LjiYEnZvz4Yl/JezdMPBkw5IiVC1al.,1028
Indicator_uri!wp07VkkxYmfNkwN2nBmx4ch/Iu2c+GJow39HbphL,1029
Indicator_uri!wp07VkkxYmfNkwN2nBmx4ch/Iu2c+GLeyZEDTKU=,1030
Indicator_uri!wp07VkkxYt3Ag/bdbNgi3smPJvX7+HLEw5H6/S0RsmHKtA==,1031
Indicator_uri!wp07VkkxYt3Md/JOnLhzRL2FJjY8l2It,1032
Indicator_uri!wp07VkkxYt3Md/JOnLhzRL2FJm7Mt7DEWg==,1033
Indicator_uri!wp07VkkxYt3Md/JOnLhzRL2FJv0N9zJnzRNp,1034
Indicator_uri!wp07VkkxYt3Mne5uiDkz4Il/Iw48Ge/EWg==,1035
Indicator_uri!wp07VkkxYujRoyJ23DkwZ8mRGx6M9yLeyY8m/Yw48GS/E2k=,1036
Indicator_us.gnpes.org,1037
Indicator_usa-mail.scieron.com,1038
Indicator_usc-data.suroot.com,1039
Indicator_user32.dll,1040
Indicator_userenv.dll,1041
Indicator_vk.newsupdatea.net,1042
Indicator_vtt.phdns01.com,1043
Indicator_vwrm.com,1044
Indicator_walterclean[.]com,1045
Indicator_wearwellgarments.eu,1046
Indicator_web[.]vipreclod[.]com,1047
Indicator_weddingdressestoday_._com,1048
Indicator_windows-liveupdate.com,1049
Indicator_windows.ddns[.]us,1050
Indicator_windowsliveupdatecache.com,1051
Indicator_wmi.ns01[.]us,1052
Indicator_woodagency.com,1053
Indicator_worldnews.kickingdruging.toythieves.com,1054
Indicator_worldwide[.]chickenkiller[.]com,1055
Indicator_wsdhealthy.com,1056
Indicator_www._babylearningdvd_._com,1057
Indicator_www._d_e_x_t_e_r_s_e_a_s_o_n_._com,1058
Indicator_www._dvdform_._com,1059
Indicator_www._maxheadroomdvdseries_._com,1060
Indicator_www._miamivicedvdboxset_._com,1061
Indicator_www._p90xprice_._com,1062
Indicator_www._s_m_a_l_l_v_i_l_l_e_d_v_d_s_e_t_._com,1063
Indicator_www._sexandthecityondvd_._com,1064
Indicator_www._sherlockholmesondvd_._com,1065
Indicator_www._t_r_x_f_o_r_c_e_k_i_t_o_r_i_g_i_n_a_l_._com,1066
Indicator_www._t_u_r_b_o_f_i_r_e_c_o_u_p_o_n_._com,1067
Indicator_www.adv138mail.com,1068
Indicator_www.braintrust.AlmostMy.COM,1069
Indicator_www.com-login.mobi,1070
Indicator_www.cph.com.tw/act,1071
Indicator_www.dnsqaz.com,1072
Indicator_www.facebook.trickip.NET,1073
Indicator_www.humanright-watch.org,1074
Indicator_www.securitywap.com,1075
Indicator_www.sizn-ru.com,1076
Indicator_www.walterclean[.]com,1077
Indicator_www[.]billyjoebobshow[.]com,1078
Indicator_www[.]bluecoate[.]com,1079
Indicator_www[.]cloudcominc[.]com,1080
Indicator_www[.]coachmotor[.]com,1081
Indicator_www[.]comtoway[.]com,1082
Indicator_www[.]deebeedesigns[.]ca,1083
Indicator_www[.]drgeorges[.]com,1084
Indicator_www[.]heliospartners[.]com,1085
Indicator_www[.]kayauto[.]net,1086
Indicator_www[.]mwa[.]net,1087
Indicator_www[.]oewarehouse[.]com,1088
Indicator_www[.]olmusic100[.]com,1089
Indicator_www[.]rbaparts[.]com,1090
Indicator_www[.]rightnowautoparts[.]com,1091
Indicator_www[.]woodagency[.]com,1092
Indicator_www[.]xha-mster[.]com,1093
Indicator_xport.exe,1094
Indicator_yahoomessenger.flnet.org,1095
Indicator_yahoo−upgrade_._com,1096
Indicator_youtube.com-login.mobi,1097
Indicator_zZkOERmcrD94fFLa,1098
Indicator_zZkadfDljFE94fFa,1099
Indicator_zokath,1100
Indicator_|,1101
Indicator_~d,1102
Location_Australia,1103
Location_Bahrain,1104
Location_Gulf_States,1105
Location_Hong_Kong,1106
Location_Iran,1107
Location_Munich,1108
Location_Tehran,1109
MD5_001b8f696b6576798517168cd0a0fb44,1110
MD5_01da7213940a74c292d09ebe17f1bd01,1111
MD5_0203cc3bb607e9cfa296fa857b243468,1112
MD5_0294f9280491f85d898ebe471f0fb58e,1113
MD5_03db29c71b0031af08081f5e2f7dcdf2,1114
MD5_052E62513505A25CCFADF900A052709C,1115
MD5_0725a1819a58e988b939f06e53990254,1116
MD5_07e266f7fb3c36a1f3a5c5d2d229a478,1117
MD5_0845f03d669e24144df785ee54f6ad74,1118
MD5_091457444b7e7899c242c5125ddc0571,1119
MD5_0a8032cd6b4a710b1771a080fa09fb87,1120
MD5_0c2674c3a97c53082187d930efb645c2,1121
MD5_0c66db47cae6950e78a76fcacc7f5b8b,1122
MD5_0cf15b88b18cdedfaae598e9498768e3,1123
MD5_0f3031412d255336a102bbc1dcd43812,1124
MD5_0f54a9757f1a2fef2b04b776714a7546,1125
MD5_0fdffd4f5730bdd37f2f082bf396064a,1126
MD5_0fefba40443edd57f816502035077e3e,1127
MD5_1,1128
MD5_10537_e6b43_c299a9a1f5abd9be2b729e54577,1129
MD5_1295f4a3659cb481b6ae051b61567d7d,1130
MD5_137F3D11559E9D986D510AF34CB61FBC,1131
MD5_15FC009D9CAAA8F11D6C3DA2B69EA06E,1132
MD5_161c840748df9b49fda878394398425a,1133
MD5_173cd315008897e56fa812f2b2843f83,1134
MD5_17e7022496d8092d3ca76ae9524a7260,1135
MD5_1823b77b9ee6296a8b997ffb64d32d21,1136
MD5_185e930a19ad1a99c226d59ef563e28c,1137
MD5_19d9b37d3acf3468887a4d41bf70e9aa,1138
MD5_1a2edd2db71fd41e963011da8caf26cc,1139
MD5_1aab2040ed4f918e1823e2caf645a81d,1140
MD5_1d4d9f6e6fa1a07cb0a66a9ee06d624a,1141
MD5_1e1b0d16a16cf5c7f3a7c053ce78f515,1142
MD5_1e60824de00ce3c1f62fddc54a9c5c93,1143
MD5_1f1e9958440d773c34415d9eb6334b25,1144
MD5_1f4d22e5131a66aa24f44eb0d4f1b54d,1145
MD5_20ff5087740eabff5bdbdf99d9fb6853,1146
MD5_21567cce2c26e7543b977a205845ba77,1147
MD5_21a1ee58e4b543d7f2fa3b4022506029,1148
MD5_227636fb88e19eca33a02cbb46f279fb,1149
MD5_266fbfd5cacfcac975e11a3dacd91923,1150
MD5_28b5241ca13603636dbf626792231161,1151
MD5_2937e2b37d8bb3d9fe96ded7e6f763aa,1152
MD5_2aabd170dae5982e5d93dc6fd9f2723a,1153
MD5_2b8c79678fa970ca4e229121e3de206f,1154
MD5_2df60de8cb6b9fe7db1ea10581cfcda4,1155
MD5_2f37912e7cb6e5c478e6dc3d0e381a24,1156
MD5_2fab77a3ff40e4f6d9b5b7e813c618e4,1157
MD5_2fe340fe2574ae540bd98bd9af8ec67d,1158
MD5_31346e5b39ddb095d76071ac86da4c2e,1159
MD5_322fcf1b134fef1bae52fbd80a373ede,1160
MD5_330ddac1f605ff8abf60880c584ed797,1161
MD5_3447416fbbc65906bd0384d4c2ba479e,1162
MD5_3563c21cf5c46e8e39f17e733c2b9b1e,1163
MD5_3767_9C_80_C2_47_40_6D_6C_ED_FC_E0_08_AE_EF_D9_98_90,1164
MD5_37f70717f549f1938e5785527e56978d,1165
MD5_380fe92c23f2028459f54cb289c3553f,1166
MD5_392f15c431c00f049bb1282847d8967f,1167
MD5_39e9e4eac77a09b915626f315b963a4f,1168
MD5_3d0760bbc1b8c0bc14e8510a66bf6d99,1169
MD5_3fd2c4507b23e26d427f89129b2476ac,1170
MD5_40C8786A4887A763D8F3E5243724D1C9,1171
MD5_40a3e68eafd50c02b076acf71d1569db,1172
MD5_432a79f8f1402cb2622b27e26e900d55,1173
MD5_457a2a8d0784e9fc8e49f6ef60f7f29e,1174
MD5_48573a150562c57742230583456b4c02,1175
MD5_492a839a3bf9c61b7065589a18c5aa8d,1176
MD5_49c7cae0fda8e5089e993a169c6c4197,1177
MD5_4A06D9989A8C3A9967C2011E5BAF3010,1178
MD5_4a67b19c02d5cfdebcd85b7395d09881,1179
MD5_4e1e0b8b0673937415599bf2f24c44ad,1180
MD5_4e7a9a58ceb07d111fd57174b9fc29e5,1181
MD5_4f064b3a9b230e18cbd3745a49592d26,1182
MD5_507aed81e3106da8c50efb3a045c5e2b,1183
MD5_50d5e73ff8a0693ed2ee2d320af3b304,1184
MD5_513644c57688b70860d0b9aa1b6cd0d7,1185
MD5_525fd346b9511a84bbe26eb47b845d89,1186
MD5_52aa791a524b61b129344f10b4712f52,1187
MD5_52df5c2c07433e2a8f054c2347acb3b4,1188
MD5_53b77ada5498ef207d48a76243051a01,1189
MD5_53db085a276ebbf5798ba756cac833ea,1190
MD5_545bb4365a9b7cdb6d22844ebeedda93,1191
MD5_5682aa66f0d1566cf3b7e27946943b4f,1192
MD5_56e6c27f9952e79d57d0b32d16c26811,1193
MD5_573ef0b7ff1dab2c3f785ee46c51a54f,1194
MD5_57a9d084b7d016f776bfc78a2e76d03d,1195
MD5_5B740B4623B2D1049C0036A6AAE684B0,1196
MD5_5B90896127179F0AD2E6628593CDB60D,1197
MD5_5a0c4e1925c76a959ab0588f683ab437,1198
MD5_5b4d4d6d77954107d927eb1987dd43fb,1199
MD5_5c08957f05377004376e6a622406f9aa,1200
MD5_5c887a31fb4713e17c5dda9d78aab9fe,1201
MD5_5d075e9536c5494745135c1176981c96,1202
MD5_5fcd6e1dace6b0599429d913850f0364,1203
MD5_61249bf64fa270931570b8a5eba06afa,1204
MD5_626489f8cafacb1b24fe6ecf0db52f23,1205
MD5_643654975b63a9bb6f597502e5cd8f49,1206
MD5_644161889f0f60885b2a0eec12038b66,1207
MD5_646cfe960219f1948eac580e3bd836f8,1208
MD5_64718689ee3ff695c55ea1ec213434d1,1209
MD5_64a4ad90a55e7b6c30c46135435f50a2,1210
MD5_65ceb039e7b4731a165cfee081e220af,1211
MD5_669cef1b64aa530292cc823981c506f6,1212
MD5_66e1aff355c29c6f39b21aedbbed2d5c,1213
MD5_682bfed6332e210b4f3a91e5e8a1410b,1214
MD5_6a3b8d24c125f3a3c7cff526e63297f3,1215
MD5_6a83dc3f53079e17ecc49cbc0dacc8f5,1216
MD5_6bc34809e44c40b61dd29e0a387ee682,1217
MD5_6cd1bf0e8adcc7208b82e1506efdba8d,1218
MD5_6e88c39c270e259c4472f6eceb8a241f,1219
MD5_6e99585c3fbd4f3a55bd8f604cb35f38,1220
MD5_6f3d15cf788e28ca504a6370c4ff6a1e,1221
MD5_709c71c128a876b73d034cde5e3ec1d3,1222
MD5_70fcb3446fce23b18d9a12b2ed911e52,1223
MD5_719453b4da6d3814604c84a28d4d1f4c,1224
MD5_71d3f12a947b4da2b7da3bee4193a110,1225
MD5_7224d82bcbed0663afd1a296c587f6bf,1226
MD5_72641dedb31280b78bf6a0f184ef29b6,1227
MD5_72bdca7dd12ed04b21dfa60c5c2ab6c4,1228
MD5_72fd6074915f8f123eb44b3dd475d36b,1229
MD5_744a17a3bc6dbd535f568ef1e87d8b9a,1230
MD5_758886e58f9ea2ff22b57cbbb015166e,1231
MD5_76000c77ea9a214f5b2ae8cc387809db,1232
MD5_78a4fee0e7b471f733f00c6e7bca3d90,1233
MD5_7995a9a6a889b914e208eb924e459ebc,1234
MD5_7a115108739c7d400b4e036fe995519f,1235
MD5_7d281bd27bc1279428bd1798671eb57b,1236
MD5_7d36ad6aafbf1f9496ccc6ac1a8bb57e,1237
MD5_7d810e3564c4eb95bcb3d11ce191208e,1238
MD5_8268297c1b38832c03f1c671e0a54a78,1239
MD5_83868cdff62829fe3b897e2720204679,1240
MD5_8455bbb9a210ce603a1b646b0d951bce,1241
MD5_84d24967cb5cbacf4052a3001692dd54,1242
MD5_854cb8ba3b2d3058239a7ba6a427944a,1243
MD5_856de08a947a40e00ea7ed66b8e02c53,1244
MD5_85e8c6ddcfa7e289be14324abbb7378d,1245
MD5_865fec48937686c2d0708847f30b1264,1246
MD5_87aeec7f7c4ec1b6dc5e6c39b28d8273,1247
MD5_8849538ef1c3471640230605c2623c67,1248
MD5_88b375e3b5c50a3e6c881bc96c926928,1249
MD5_8936c87a08ffa56d19fdb87588e35952,1250
MD5_894ef915af830f38499d498342fdd8db,1251
MD5_8ae2febe04102450fdbc26a38037c82b,1252
MD5_8be39ba7ced43bef5b523193d94320eb,1253
MD5_8d36fd85d9c7d1f4bb170a28cc23498a,1254
MD5_8d4e42982060d884e2b7bd257727fd7c,1255
MD5_8ee2cf05746bb0a009981fdb90f1343e,1256
MD5_90af5ea2c44cd57f983af552a6097b41,1257
MD5_914fdaf7aa098ac00067a2b265fc91da,1258
MD5_916be1b609ed3dc80e5039a1d8102e82,1259
MD5_9342d18e7d315117f23db7553d59a9d1,1260
MD5_940B3ACDF1E26FCCCF74A5A0359FB079,1261
MD5_97ff2338e568fc382d41c30c31f89720,1262
MD5_98a65022855013588603b8bed1256d5e,1263
MD5_994a376df0f799725fd609e125ea8efe,1264
MD5_9C39D6F52E1E1BE5AE61BAB90971D054,1265
MD5_9bb6826905965c13be1c84cc0ff83f42,1266
MD5_9c4617793984c4b08d75b00f1562cbda,1267
MD5_9d20566a327076b7152bbf9ed20292c4,1268
MD5_9fbea622b9a1361637e0b97d7dd34560,1269
MD5_B0EECA383A7477EE689EC807B775EBBB,1270
MD5_C21D7165B25CAF65D7F92FF758C1B5B1,1271
MD5_CE67AAA163A4915BA408B2C1D5CCC7CC,1272
MD5_FB2FA42F052D0A86CBDCE03F5C46DD4D,1273
MD5_a02610e760fa15c064931cfafb90a9e8,1274
MD5_a049b8ec51c0255dec734c7ba5641af3,1275
MD5_a126c8c7c50bf034f2d3ba4aa5bcab28,1276
MD5_a130b2e578d82409021b3c9ceda657b7,1277
MD5_a25e5bcc52c386eb046149799ed81b2b,1278
MD5_a2e11e9c8b07888345d6cdf7d995b832,1279
MD5_a476dd10d34064514af906fc37fc12a3,1280
MD5_a4ad1d1a512a7e00d2d4c843ef559a7a,1281
MD5_a75995f94854dea8799650a2f4a97980b71199d2,1282
MD5_a7813001063a23627404887b43616386,1283
MD5_a78cbc7d652955be49498ee9834e6a2d,1284
MD5_a98d2c90b9494fc885c7cd35d43666ea,1285
MD5_ab41b1e2db77cebd9e2779110ee3915d,1286
MD5_ac87816b9a371e72512d8fd82f61c737,1287
MD5_acc583fc596d38626d37cbf6de8a01cb,1288
MD5_ad4a646b38a482cc07d5b09b4ﬀfd3b3,1289
MD5_ae6f33f6cdc25dc4bda24b2bccff79fe,1290
MD5_b029378966d2694f8abd51f0d6c7822a,1291
MD5_b08e84277e0f2221f187dd97273ee643,1292
MD5_b0a95c47d170baad8a5594e0f755e0c1,1293
MD5_b0fd4d5fb6d8acb1ccfb54d53c08f11f,1294
MD5_b19ef1134f54b4021f99cc45ae1bc270,1295
MD5_b2e6de2255946219e02872e3fc330e60,1296
MD5_b31b9dd9d29330917627f9f916987f3c,1297
MD5_b491c14d8cfb48636f6095b7b16555e9a575d57f,1298
MD5_b584b48d401e98f404584c330489895c,1299
MD5_b894efe4173f90479fddff455daf6ff3,1300
MD5_b92a53fc409d175c768581978f1d3331,1301
MD5_baa6d4d60d77dc120cf545df5d755eaf,1302
MD5_baa76a571329cdc4d7e98c398d80450c,1303
MD5_baf227a9f0b21e710c65d01f2ab01244,1304
MD5_bb95154b5aeb13a4ff937afa2e7e4560,1305
MD5_bd9a1fbd76c00015a59a3b5c93d4030e,1306
MD5_be1d972819e0c5bf80bf1691cc563400,1307
MD5_bf60b8d26bc0c94dda2e3471de6ec977,1308
MD5_bfc59f1f442686af73704eff6c0226f0,1309
MD5_bfc96694731f3cf39bcad6e0716c5746,1310
MD5_c07e857d2602d2a813fd23d711871571,1311
MD5_c128c40bd8acb282288e8138352ce4e1,1312
MD5_c16269c4a32062863b63a123951166d2,1313
MD5_c2aadd6a69a775602d984af64eaeda96,1314
MD5_c30d0f1b6f8c25ec49bbca32beb6513b,1315
MD5_c4de3fea790f8ff6452016db5d7aa33f,1316
MD5_c53c93a445d751387eb167e5a2b901da,1317
MD5_c64aab79e5107fc8ffd4699288c2e3be,1318
MD5_c64dd5393a17226b208b049a4b766bd6,1319
MD5_c869c75ed1998294af3c676bdbd56851,1320
MD5_c93f8a7a899142db1e92138b76407588,1321
MD5_c9f33d544c5657d4ba55a92e06e38d06,1322
MD5_caa869fa01ddfee26156166a10c42944,1323
MD5_cab66da82594ff5266ac8dd89e3d1539,1324
MD5_cc1a806d25982acdb35dd196ab8171bc,1325
MD5_cd07a9e49b1f909e1bd9e39a7a6e56b4,1326
MD5_cdd969121a2e755ef3dc1a7bf7f18b24,1327
MD5_ce1cdc9c95a6808945f54164b2e4d9d2,1328
MD5_cf45dbdb3718b4b728c2dd894032464b,1329
MD5_d00b3169f45e74bb22a1cd684341b14a,1330
MD5_d0a7cd5cd7da9024fb8bd594d37d7594,1331
MD5_d0c3f4c9896d41a7c42737134ffb4c2e,1332
MD5_d1d457876a373b022a6afca718c71cab,1333
MD5_d433f281cf56015941a1c2cb87066ca62ea1db37,1334
MD5_d46d85777062afbcda02de68c063b877,1335
MD5_d4b7f99669a3efc94006e5fe9d84eb65,1336
MD5_d613d40d5402f58d8952da2c24d1a769,1337
MD5_d64a22ea3accc712aebaa047ab818b07,1338
MD5_d6c19be4e9e1ae347ee269d15cb96a51,1339
MD5_d7c826ac94522416a0aecf5b7a5d2afe,1340
MD5_d91a6d50702822330acac8b36b15bb6c,1341
MD5_d9940a3da42eb2bb8e19a84235d86e91,1342
MD5_dd5715cb3b0cdddbe131f03cc08f0f57,1343
MD5_de1fbaf90f18a382289e996590d0b76d,1344
MD5_de7e293aa9c4d849dc080f3e87573b24,1345
MD5_df5bd411f080b55c578aeb9001a4287d,1346
MD5_dfa72a90fdaf914756cd1f860a45f35b,1347
MD5_e258cf52ef4659ed816f3d084b3ec6c7,1348
MD5_e476e4a24f8b4ff4c8a0b260aa35fc9f,1349
MD5_e6b43c299a9a1f5abd9be2b729e54577,1350
MD5_e78d39d1862338e4c711238223618e44,1351
MD5_e8ea10d5cde2e8661e9512fb684c4c98,1352
MD5_eb51b384fcbbe468a6877f569021c5d1,1353
MD5_ec16143a14c091100e7af30de03fce1f,1354
MD5_ed665cf8a48f08f8b4fed8bbf9d2d998,1355
MD5_edf3a1e142fc212da11dc72698184ad5,1356
MD5_ee998128e20971ca4296a8a73ed79f43,1357
MD5_eea7ae4eb726c3e05f187110090adb18,1358
MD5_ef10f4f11032d48f7e82c0a788c0f489,1359
MD5_ef404a76bd11e1d675b7686775ed7f1c,1360
MD5_efaadcfa4271c50927ab817e0c4a0bc3,1361
MD5_f0a00cfd891059b70af96b807e9f9ab8,1362
MD5_f140e0e9aab19fefb7e47d1ea2e7c560,1363
MD5_f15cff24d8a3a9ffce590cc8e69baec9,1364
MD5_f1c4b919fdf008a8400189562f5e2fba,1365
MD5_f1f48360f95e1b43e9fba0fec5a2afb8,1366
MD5_f29cb80bde4af21c226596e9d125795d,1367
MD5_f2f2cad79dcfb356db7b2485c7a27f03,1368
MD5_f34d5f2d4577ed6d9ceec516c1f5a744,1369
MD5_f5d4f59b2cb6a98bfeadf595a29f9ca2,1370
MD5_f643fa851203e9159c9dc50e4ab8d81e,1371
MD5_f74ec871c77e4b5e5b2ae0917b1f0f21,1372
MD5_f7820d429d3185ad00e6758c343e29ce,1373
MD5_f822a9e08b51c19a154dfb63ee9b8367,1374
MD5_f82d3b270b16780044817978f4f3fe1a,1375
MD5_f9d2c3e8f81b9c44a1837478b2a98e5e,1376
MD5_faeb660d03beec1abfb960b1bfab2211,1377
MD5_fb0b900de6d286321fd6d20c6c4f5679,1378
MD5_fb7a74a88eead4d39a58cc7b6eede4ce,1379
MD5_fbb0c14cacc60fdd393fb5889d5a0b57,1380
MD5_fc97b89541b149e0dd9937ba876b3ee1,1381
MD5_fd130b2bce93caf18bc23f1526daae99,1382
MD5_fd69793bd63c44bbb22f9c4d46873252,1383
MD5_fdf6bf1973af8ab130fbcaa0914b4b06,1384
MD5_ffea249e19495e02d61aa52e981cebd8,1385
MalwareCharacteristics_.PDF_files,1386
MalwareCharacteristics_16484_C&C_application_server,1387
MalwareCharacteristics_API_unhooking,1388
MalwareCharacteristics_C++,1389
MalwareCharacteristics_Camellia,1390
MalwareCharacteristics_Delphi,1391
MalwareCharacteristics_HTTP,1392
MalwareCharacteristics_HTTP_GET,1393
MalwareCharacteristics_HTTP_request,1394
MalwareCharacteristics_HTran,1395
MalwareCharacteristics_Install_a_keylogger,1396
MalwareCharacteristics_Operate_in_an_interactive_mode,1397
MalwareCharacteristics_RC4_encryption,1398
MalwareCharacteristics_Steal_credentials_from_Internet_Explorer,1399
MalwareCharacteristics_Steal_credentials_from_Mozilla_Firefox,1400
MalwareCharacteristics_Type_S,1401
MalwareCharacteristics_Type_T,1402
MalwareCharacteristics_Yahoo_Blogs,1403
MalwareCharacteristics_backdoors,1404
MalwareCharacteristics_dynamic_DNS_services,1405
MalwareCharacteristics_generator_utility_for_creating_droppers,1406
MalwareCharacteristics_kernel_patching,1407
MalwareCharacteristics_keylogger,1408
MalwareCharacteristics_polymorphic,1409
MalwareCharacteristics_process_injection,1410
MalwareCharacteristics_proxy_server,1411
MalwareCharacteristics_recording_video_and_audio,1412
MalwareCharacteristics_related_droppers,1413
MalwareCharacteristics_reverse-connecting,1414
MalwareCharacteristics_social_engineering,1415
MalwareCharacteristics_targeted_email,1416
MalwareFamily_Enfal,1417
MalwareFamily_FinFisher,1418
MalwareFamily_GinWui,1419
MalwareFamily_JKDDOS,1420
MalwareFamily_OnionDuke,1421
MalwareFamily_PittyTiger,1422
MalwareFamily_SIMBOT,1423
MalwareFamily_Stealer,1424
MalwareFamily_Stuxnet,1425
MalwareFamily_Taleret,1426
Malware_1380_Android_FinSpy_Mobile,1427
Malware_21766_Falcon\ServiceDll\Release\_ServiceDll.pdb,1428
Malware_239ed75323.exe,1429
Malware_28128_Stuxnet_0.5,1430
Malware_34785_Sample_B,1431
Malware_3645;3646_3662_Report.doc......................................................_.........................................................................._.............exe,1432
Malware_3858_Silence_of_the_Jews_make_the_Church_of_the_Nativity_of_the_Palestinians.doc-----------.scr,1433
Malware_41_01_droppers,1434
Malware_41_01_malicious_binaries,1435
Malware_41_01_malicious_binary,1436
Malware_41_01_malware_files,1437
Malware_442_Dark_Comet,1438
"Malware_4606_The_first_conference_of_Dr._Mohamed_Morsi,_after_winning.doc---------------.scr",1439
Malware_47_01_malicious_installer_of_Freegate,1440
Malware_4803_םיילענ_רושקל_ךיא_יביטמרופניא_םניח_םיטרס‬_‫[תויאבצ‬RTLO]----------------------------------------.wmv------------------.scr,1441
Malware_484hhh.doc,1442
Malware_48_01_samples,1443
Malware_523_FinSpy_Mobile,1444
Malware_53_01_1058_malicious_iframe,1445
Malware_57_01_samples,1446
Malware_57_02_samples,1447
Malware_57_03_APT1_samples,1448
Malware_57_04_APT1_samples,1449
Malware_57_05_8381_Menupass_samples,1450
Malware_61_01_Microsoft_Office_Word_document,1451
Malware_65_01_malformed_SWF_file,1452
Malware_AWS12345.jsp,1453
Malware_A_Rood_Awakening!_Michael_Rood_.3gp--------------------------------------.scr,1454
Malware_Advisor.doc,1455
Malware_BKDR_SIMBOT.SME,1456
Malware_BKDR_SIMBOT.SMXA,1457
Malware_BKDR_SLOTH.A,1458
Malware_BKDR_SLOTH.B,1459
Malware_Backdoor.Emdivi,1460
Malware_Backdoor.Sogu,1461
Malware_Backdoor:W32/OnionDuke.A,1462
Malware_Backdoor:W32/OnionDuke.B,1463
Malware_Bandook,1464
Malware_Bloodhound.Exploit.557,1465
Malware_Briba,1466
Malware_Brotherhood.doc,1467
Malware_C:\WINDOWS\system32\CREDRIVER.dll,1468
Malware_CLIENT,1469
Malware_CONTAINERV2,1470
Malware_CREDRIVER.dll,1471
Malware_Chopper,1472
Malware_Chopper_Web_shell,1473
Malware_Comment_Crew,1474
Malware_Configurations.ini,1475
Malware_ContainerV2,1476
Malware_CyberGate,1477
Malware_DW20.exe,1478
Malware_DarkComet,1479
Malware_DarkSeoul,1480
Malware_Dark_Comet,1481
Malware_Daserf.A,1482
Malware_DiagnosticsService.dll,1483
Malware_Emdivi,1484
Malware_Enfal,1485
Malware_FakeM_RAT,1486
Malware_FinFisher,1487
Malware_FinSpy,1488
Malware_FinSpy_Mobile_for_Android,1489
Malware_Flux.E,1490
Malware_Flying_Kitten,1491
Malware_Gh0st,1492
Malware_Gh0stRat,1493
Malware_Gh0st_RAT,1494
Malware_Gholee,1495
Malware_GinWui,1496
Malware_GinWui.A,1497
Malware_GinWui.B,1498
Malware_GinWui.D,1499
Malware_GinWui.E,1500
Malware_GinWui.G,1501
Malware_HXDS.dll,1502
Malware_HeartBeat,1503
Malware_Hmas.doc,1504
Malware_Hydraq,1505
Malware_IDF.doc,1506
Malware_IDF_NEWS.doc,1507
Malware_IDF_NEWS[RTLO]cod.SCR,1508
Malware_IRC,1509
Malware_IRC_Bot,1510
Malware_IRC_bot,1511
Malware_IXESHE,1512
Malware_IntelRS.exe,1513
Malware_Isass.exe,1514
Malware_Jokra,1515
Malware_Kaba,1516
Malware_KeyBoy,1517
Malware_Kimawi.exe,1518
Malware_Lurid_Downloader,1519
Malware_MM_RAT,1520
Malware_MSVCR71.dll,1521
Malware_MadHatter_.NET,1522
Malware_Maudi,1523
Malware_MiniDuke,1524
Malware_Miniduke,1525
Malware_Mirage,1526
Malware_Murcy,1527
Malware_NOTEPAD2.EXE,1528
Malware_NTUSER.data.{GUIDE}.dll,1529
Malware_Notepad3.exe,1530
Malware_Notepad4.exe,1531
Malware_PittyTiger,1532
Malware_PittyTiger_RAT,1533
Malware_PlugX,1534
Malware_Poison,1535
Malware_Poison_Ivy,1536
Malware_Poison_Ivy_2.3.2,1537
Malware_Poison_Ivy_RAT,1538
Malware_Protux,1539
Malware_RAT,1540
Malware_RegSubsDat,1541
Malware_Resource_101,1542
Malware_RipGof.A,1543
Malware_RipGof.B,1544
Malware_Roaming_tiger,1545
Malware_SIMBOT,1546
Malware_SOGU,1547
Malware_SVOHOST.EXE,1548
Malware_SabPub,1549
Malware_Sakula,1550
Malware_Sample_A,1551
Malware_Sample_B,1552
Malware_Sample_C,1553
Malware_Sample_D,1554
Malware_Sample_E,1555
Malware_Sample_F,1556
Malware_Sayad,1557
Malware_Sayad_Client,1558
Malware_Scandals.exe,1559
Malware_Shamoon,1560
Malware_Stealer,1561
Malware_Stealer.exe,1562
Malware_Stealer_Builder,1563
Malware_Stuxnet,1564
Malware_Stuxnet_0.5,1565
Malware_Svohost.EXE,1566
Malware_System.doc,1567
Malware_TROJ_MECIV.A,1568
Malware_TROJ_PIDIEF.SMZX,1569
Malware_TShehab[RTLO]cod.scr,1570
Malware_Taidoor,1571
Malware_Taleret,1572
Malware_Terminator,1573
Malware_Terminator_RAT,1574
Malware_Troj/Goldsun-B,1575
Malware_Type_S,1576
Malware_Type_T,1577
Malware_VPN-Pro.exe,1578
Malware_VPTray.EXE,1579
Malware_W32.Flamer,1580
Malware_WEXTRACT.exe,1581
Malware_Word.doc,1582
Malware_Xtreme_RAT,1583
Malware_York.doc,1584
Malware_ZxShell,1585
Malware_applet.jar,1586
Malware_barrage.doc,1587
Malware_base.dll,1588
Malware_beijingnew,1589
Malware_c0d0so0,1590
Malware_d.exe,1591
Malware_detl.doc,1592
Malware_doc.exe,1593
Malware_driver.bat,1594
Malware_exp1ore.exe,1595
Malware_frame.php,1596
Malware_gh0st,1597
Malware_gh0st_RAT,1598
Malware_http://newsonair.org/application/RadioTunaSetup1.exe,1599
Malware_install.exe,1600
Malware_jiagu,1601
Malware_mb_join.exe,1602
Malware_msnetrsvw.exe,1603
Malware_nateon.exe,1604
Malware_newnotepad.exe,1605
Malware_notepad.exe,1606
Malware_notepad10.exe,1607
Malware_nsc01,1608
Malware_rar.exe,1609
Malware_remote_administration_tool,1610
Malware_remote_administration_tools,1611
Malware_shehab.doc,1612
Malware_sqlite3.dll,1613
Malware_sss.exe,1614
Malware_svchost_.exe,1615
Malware_svchost_67.exe,1616
Malware_test.exe,1617
Malware_text1,1618
Malware_v1.ex_,1619
Malware_vptray.exe,1620
Malware_wab.exe,1621
Malware_wab32res.dll,1622
Malware_word.doc,1623
Malware_x.exe,1624
Malware_xfish,1625
Malware_zwShell,1626
Malware_~8f60957b3689075fa093b047242c0255.exe,1627
Malware_ﺿﺎﺋﺢ‬.exe,1628
Obfuscation_0xFC,1629
Obfuscation_64_01_obfuscated,1630
Obfuscation_ABCDEFGHIJKLMNOPQRSTUVWXYZabcdefghijklmnopqrstuvwxyz0123456789$~,1631
Obfuscation_AES,1632
Obfuscation_AES_encryption,1633
Obfuscation_Base-64,1634
Obfuscation_Base64,1635
Obfuscation_Camellia,1636
Obfuscation_DWORD,1637
Obfuscation_MaxToCode,1638
Obfuscation_RC4_cipher,1639
Obfuscation_ROT-1,1640
Obfuscation_Rijndael_cipher,1641
Obfuscation_XOR,1642
"Obfuscation_XOR-encoded_with_the_key_""0x02""_or_""0x03""",1643
Obfuscation_XOR_operation,1644
Obfuscation_asdfasdf,1645
Obfuscation_base64,1646
Obfuscation_c37f12a0,1647
Obfuscation_hex,1648
Obfuscation_multiply_with_0x69,1649
Obfuscation_uri!wp07VkkxYt3Ag/bdbNgi3smPJvX7+HLEw5H6/S0RsmHKtA==,1650
Organization_19389_Northrup_Grumman,1651
Organization_Adobe,1652
Organization_CIRCL,1653
Organization_CrowdStrike,1654
Organization_ESTsoft,1655
Organization_Gamma_International_UK_Ltd.,1656
Organization_Google,1657
Organization_HAURI_Inc,1658
Organization_Juniper,1659
Organization_JustSystems,1660
Organization_MITRE,1661
Organization_McAfee,1662
Organization_Microsoft,1663
Organization_NirSoft,1664
Organization_Trend_Micro,1665
Organization_Trend_Micro™,1666
Organization_Zscaler,1667
Payload_4768_Document_uploader,1668
Payload_4906;4907_4916_System_information_gathering,1669
Payload_5307_Connect-back_shell,1670
Payload_5684;5685_5694;5695_5701_Selfreplication_through_removable_drives,1671
"Payload_<%@_Page_Language=""Jscript""%><%eval(Request.Item[”password""],""unsafe"");%>",1672
"Payload_<%_WebServices.InitalizeWebServices_(""shell_password"");%>",1673
Payload_Backdoor.Emdivi,1674
Payload_Backdoor.Korplug,1675
Payload_Backdoor.ZXshell,1676
Payload_Backdoor:W32/OnionDuke.B,1677
Payload_DelphiNative.DLL,1678
Payload_DiagnosticsService.dll,1679
Payload_Downloader,1680
Payload_EXITFUNC,1681
Payload_Erido.jpg,1682
Payload_GoogleUpdate.exe,1683
Payload_Keylogger,1684
Payload_LHOST,1685
Payload_LPORT,1686
Payload_MSCOMCTL.ocx,1687
Payload_Public_Tools,1688
Payload_Screenshot,1689
Payload_UIODsevr.exe,1690
Payload_certupdt.exe,1691
Payload_connwiz.exe,1692
Payload_dialers.exe,1693
Payload_dllhosts.exe,1694
Payload_doc.exe,1695
Payload_dumpreport.exe,1696
Payload_dxdiagupd.exe,1697
Payload_google{BLOCKED}.exe,1698
Payload_hxxp://kibber.no-ip.org/adserv/logo.jpg,1699
Payload_lanmgr.exe,1700
Payload_netmngr.exe,1701
Payload_netschd.exe,1702
Payload_readme.pdf,1703
Payload_repfault.exe,1704
Payload_sss.exe,1705
Payload_taskhosts.exe,1706
Payload_test.exe,1707
Payload_vaultcli.DLL,1708
Payload_wab.exe,1709
Payload_wab32res.dll,1710
Payload_wcsntfy.exe,1711
Payload_winhlp.exe,1712
Payload_winupdt.exe,1713
Payload_wuapreport.exe,1714
Payload_wupdmngr.exe,1715
Payload_~8f60957b3689075fa093b047242c0255.exe,1716
Person_Osama,1717
Region_Europe,1718
Region_Middle_East,1719
Region_South_Asia,1720
SHA-1_014542eafb792b98196954373b3fd13e60cb94fe,1721
SHA-1_082da03918039125dcf1f096a13ffa9ab6a56bde,1722
SHA-1_08ce405f0a0277de355454862b164ffd94a7ea36,1723
SHA-1_09D4ECA67B1D071E57C5951D97FE9DD9C62F1580,1724
SHA-1_0D610F3F51750EADCF426E10E6DE5313605400FA,1725
SHA-1_14452_F84C_D73D_ABF1_8660_7F98_6DF9_8C54_02A5_7BB5_8AD1,1726
SHA-1_1c52b749403d3f229636f07b0040eb17beba28e4,1727
SHA-1_1fd0a268086f8d13c6a3262d41cce13470886b09,1728
SHA-1_20A29D1F89C07BAFBB4C61CE208531D68125C8E,1729
SHA-1_25c3720c06de6d9b584a06ddf44c079c24df30ce,1730
SHA-1_2c8a144331ec124755413f31a83e21015c74f2ec,1731
SHA-1_4daa50171005c12cc371e80db7569b781917e2b2,1732
SHA-1_5A1B_E6AD_CB2C_C40B_2E9D_6B6C_569F_D4DA_B273_E7AD,1733
SHA-1_5e4b7268606d6c98d00874431d39c34971149200,1734
SHA-1_69fd05ca3a7514ea79480d1dbb358fab391e738d,1735
SHA-1_70ceb467db7b0161d22e4545479f747417b9705a,1736
SHA-1_8051474c1fc0d8f404a42ea32eca1699e54f02e1,1737
SHA-1_8521eefbf7336df5c275c3da4b61c94062fafdda,1738
SHA-1_9224de3af2a246011c6294f64f27206d165317ba,1739
SHA-1_A0DD0B8FD0C98E917BFDC96182088CAB5505CCD2,1740
SHA-1_AE7B9CFB10CD65B98C59DC012D6726B66BE92897,1741
SHA-1_DB22E7DEA0C1CAF203072693485DE4E4FD2CB56A,1742
SHA-1_E87C_3ACB_A599_5E01_7AD3_1B29_A5E2_FE36_3ED4_D9EB,1743
SHA-1_a267f1183b4ﬀ843d68a63264846abf78cc71d1f,1744
SHA-1_a7017bc6586a8de2d42a41ec072be0c5fd236607,1745
SHA-1_ae0f9bf2740d00c5d485827eb32aca33feaa3a90,1746
SHA-1_b491c14d8cfb48636f6095b7b16555e9a575d57f,1747
SHA-1_b49766187971e3070644a9de2054bc93241b2263,1748
SHA-1_d433f281cf56015941a1c2cb87066ca62ea1db37,1749
SHA-1_d58d4f6ad3235610bafba677b762f3872b0f67cb,1750
SHA-1_d859f1cf99049f89258c1faa59dcd97f587e45ac,1751
SHA-1_de8e9def2553f4d211cc0b34a3972d9814f156aa,1752
SHA-1_e3cc84a4dc66e43453a039c3c983fcef92eafa7d,1753
SHA-1_f344becb220de6ﬀa4d7223bdb82146d3b1c93ed,1754
SHA-1_fb8057595f2bb53331620c717775751df781c151,1755
SHA-1_fdc4b6ba87ab8349490878a7a97eb60bce813442,1756
SHA-256_0a99238e1ebebc47d7a89b2ccddfae537479f7f77322b5d4941315d3f7e5ca48,1757
SHA-256_1c076413cca929b7004863f1a3992afda665786d6e179b9886ddeb8062194049,1758
SHA-256_21650_5156aca994ecfcb40458ead8c830cd66469d5f5_a031392898d323a8d7a7f23d3,1759
SHA-256_24008_5156aca994ecfcb40458ead8c830cd66469d5f5_a031392898d323a8d7a7f23d3,1760
SHA-256_2bc5ce39dd9afe2157448d3f6d8cb9c549ed39543d159616e38480b9e6c11c49,1761
SHA-256_35cd39d419ab386aaa534b4ce95aa7fcda696ef6960fd103beaecf71bacd7398,1762
SHA-256_363172a2f2b228c7b00b614178e4ffa00a3a124200ceef4e6d7edb25a4696345,1763
SHA-256_5ba8c42807bee050aa474fe3c876936d196c65dca9895ccd2e317133188c905e,1764
SHA-256_62bde3bac3782d36f9f2e56db097a4672e70463e11971fad5de060b191efb196,1765
SHA-256_780c86ec885ea48316995ae69965e314a750848413f94907cf54bdeba09b5c3c,1766
SHA-256_8491c741674ca0c73dbf49d16386722d8cf21569bb85d766f562ee6083347ea3,1767
SHA-256_8904836017bc20972a769f8d4d6bee08388da3d0f83e362e67f9f0b6b1ae5c12,1768
SHA-256_a1015f0b99106ae2852d740f366e15c1d5c711f57680a2f04be0283e8310f69e,1769
SHA-256_ae16e10e621d6610a3f7f2c7122f9d1263700ba02d1b90e42798decb2fe84096,1770
SHA-256_b61d409b6c1066e0c1fc4fe15f6f367be31fa2cc555cfc0ef7eeb8e5759380c0,1771
SHA-256_ba21e452ee5ff3478f21b293a134b30ebf6b7f4ec03f8c8153202a740d7978b2,1772
SHA-256_ba4863d8a22864fa50a32aa85bc808371f05e8953167d34251cbd779d33e2d6d,1773
SHA-256_bae3171917daf3eb498ae2fb1d0fcbfbb684a5314a8cbef2d5e3bd4c30ece8e1,1774
SHA-256_c22792dbf9a0279b36fa22f775a92ddfea9545cc842381ba84c2402c76aa393a,1775
SHA-256_c8571f963541414666397dce06657594560eed4943c93780eb7a2358f0645515,1776
SHA-256_d4fe890a08d4dd44b58a3b85b2a7e89536338099c1c42a9b7e85f4007b0a37b7,1777
SHA-256_dbd4fe1bd942b77376fff1b3500606bdcaa725a2dccfc5d49ed4560af816bfe6,1778
SHA-256_dc09091e5d0ce03c6144748f17bd636f2f0b2ca56f88b550c1d48860596dbdb1,1779
SHA-256_deeac56026f3804968348c8afa5b7aba10900aeabee05751c0fcac2b88cﬀ71e,1780
SHA-256_e72c0330360e4dcffb0771ca167274279cbadc7742b2dc70ffcbfc471ef62bf6,1781
SHA-256_ff6f0bcdb02a9a1c10da14a0844ed6ec6a68c13c04b4c122afc559d606762fa,1782
Software_3812_Smart_Protection_Network™,1783
Software_ALYac,1784
Software_ALZip_update_server,1785
Software_Adobe_Flash,1786
Software_Adobe_Flash_Player,1787
Software_Adobe_Reader_9.x,1788
Software_ChopShop,1789
Software_Deep_Discovery,1790
Software_Falcon_Host,1791
Software_FinFisher_Suite,1792
Software_Flash,1793
Software_IE_10,1794
Software_IE_6,1795
Software_Ichitaro,1796
Software_Internet_Explorer_7,1797
Software_Internet_Explorer_8,1798
Software_Mail_PassView,1799
Software_McAfee_VirusScan_API,1800
Software_McAfee_ePolicy_Orchestrator,1801
Software_Microsoft_Common_Controls,1802
Software_Microsoft_Excel,1803
Software_Microsoft_Internet_Explorer,1804
Software_Microsoft_Office,1805
Software_Microsoft_XML,1806
Software_Smart_Protection_Network,1807
Software_ThreatlabZ,1808
Software_ViRobot_ISMS,1809
Software_WebPassView,1810
Software_Windows,1811
Software_Windows_Server_2003,1812
Software_Windows_Vista,1813
Software_Windows_XP,1814
Software_Word,1815
TechnologyInformation_CAD,1816
Time_06/16/2013_16:49:04_[UTC],1817
Time_06/19/2013_22:00:22,1818
Time_07/17/2012_22:58:51.981_[UTC],1819
Time_11:26_(UTC),1820
Time_11:46:31,1821
Time_12/27/2012_10:55:02.540_[UTC],1822
Time_13:53,1823
Time_14/07/2014_9:53:14_AM,1824
Time_15/07/2014_6:17:44_PM,1825
Time_16:15,1826
Time_17/07/2014_10:16:25_AM,1827
Time_17/07/2014_10:21:15_AM,1828
Time_17/07/2014_2:17:55_PM,1829
Time_18-Aug-2012_09:38:08,1830
Time_19/07/2014_12:00:58_PM,1831
Time_20-Dec-2013_13:27:58,1832
Time_2001,1833
Time_2003-05-15_08:58:48,1834
Time_2006,1835
Time_2006-09-14_02:28:46,1836
Time_2008,1837
Time_2009,1838
Time_2010,1839
Time_2010-03-15,1840
Time_2010-12-17_03:24:13,1841
Time_2011,1842
Time_2011-06-16_12:54:20,1843
Time_2011-07-05_08:25:31,1844
Time_2011-08-11_09:35:24,1845
Time_2011-08-17_00:31:27,1846
Time_2011/06/20,1847
Time_2011/10/13,1848
Time_2012,1849
Time_2012-03-05,1850
Time_2012-05-10_08:41:35,1851
Time_2012-05-15_03:17:04,1852
Time_2012-05-16_06:48:02,1853
Time_2012-06-09,1854
Time_2012-06-09_13:19:49,1855
Time_2012-06-11,1856
Time_2012-06-15,1857
Time_2012-07-03_09:33:46,1858
Time_2012-07-04_04:07:36,1859
Time_2012-09-27_12:46:20,1860
Time_2012/05/14,1861
Time_2012/05/21,1862
Time_2012/05/23,1863
Time_2012/06/06,1864
Time_2012/09/04,1865
Time_2012/12/26,1866
Time_2012_06_26_05:17:52,1867
Time_2012_11_13_07:19:03,1868
Time_2012−03−14_1_4_:_2_1_:_1_0,1869
Time_2013,1870
Time_2013-01-10_07:50:58,1871
Time_2013-02-22,1872
Time_2013-02-25_05:31:41,1873
Time_2013-03-07,1874
Time_2013-05-02,1875
Time_2013-07-15,1876
Time_2013-08-01_18:23:04,1877
Time_2013-08-01_18:23:05,1878
Time_2013-08-01_18:23:07,1879
Time_2013-08-02,1880
Time_2013-08-10,1881
Time_2013-08-31,1882
Time_2013-09-10_06:40:28,1883
Time_2013-12-03,1884
Time_2013-12-19,1885
Time_2013/02/12,1886
Time_2013/02/20,1887
Time_2013/02/21,1888
Time_2013/02/26,1889
Time_2013−02−26_2_2_:_0_4_:_0_7,1890
Time_2013−03−03_0_1_:_5_7_:_3_7,1891
Time_2013−03−06_2_3_:_3_4_:_4_7,1892
Time_2014,1893
Time_2014-01-02,1894
Time_2014-01-14_04:38:30,1895
Time_2014-02-11,1896
Time_2014-02-12,1897
Time_2014-02-19_09:29:04,1898
Time_2014-02-20_02:28:21,1899
Time_2014-04-08,1900
Time_2014-11-17,1901
Time_2014-11-18,1902
Time_2014-11-18_10:49:23Z,1903
Time_2014-11-19_08:25:45Z,1904
Time_2014-11-19_08:55:10Z,1905
Time_2014-11-20,1906
Time_2014-11-21,1907
Time_26_July_2011,1908
"Time_27988_July_16,_2012",1909
Time_2AM_and_10AM_from_Monday_to_Saturday,1910
Time_5:06_and_13:45_UTC,1911
Time_6765_May_21st_2013,1912
Time_6780_May_25th_2013,1913
Time_6884_May_10th_2013,1914
Time_6899_May_24th_2013,1915
Time_7005_May_22nd_2013,1916
Time_7020_May_23rd_2013,1917
Time_7125_March_9th_2013,1918
Time_7142_April_19th_2013,1919
Time_7149_2009-09-28_22:08:38,1920
Time_7245_May_31st_2013,1921
Time_7260_May_31st_2013,1922
Time_7342_2010-08-31_03:27:55,1923
Time_7352_May_18th_2013,1924
Time_7367_May_28th_2013,1925
Time_7456_2010-08-31_07:52:17,1926
Time_7570_2010-09-16_09:57:09,1927
Time_7817_2010-10-25_01:59:00,1928
Time_7837_2011-04-20_07:39:01,1929
Time_7857_2011-06-13_06:56:04,1930
Time_7877_2012-03-26_06:50:10,1931
Time_7897_2012-03-26_07:13:36,1932
Time_7917_2012-05-15_09:02:25,1933
Time_952_10_August_2014,1934
Time_April_2011,1935
Time_April_2014,1936
"Time_April_22,_2005",1937
"Time_August_15,_2012",1938
Time_August_2011,1939
Time_August_2014,1940
"Time_August_3,_2011",1941
Time_August_and_September_2012,1942
"Time_Dec._19,_2005",1943
Time_December_2009,1944
Time_Feb._12,1945
"Time_Feb_20,_2013",1946
Time_Feb_20_10:57:52_2013,1947
Time_February_2012,1948
Time_February_2013,1949
Time_Friday_Apri_13,1950
Time_January_11,1951
Time_January_2013,1952
Time_July_10th,1953
"Time_July_18,_2012",1954
Time_July_2009,1955
Time_July_2011,1956
"Time_July_4,_2009",1957
"Time_July_9,_2012",1958
Time_July_of_2011,1959
"Time_June_14,_2006",1960
"Time_June_15,_2006",1961
"Time_June_16,_2006",1962
"Time_June_18,_2006",1963
Time_June_2006,1964
Time_June_2011,1965
Time_June_2012,1966
"Time_June_21,_2006",1967
"Time_June_23,_2006",1968
"Time_June_25,_2006",1969
"Time_June_25,_2012",1970
"Time_June_26,_2006",1971
"Time_June_9,_2006",1972
Time_March_2005,1973
"Time_March_25,_2012",1974
"Time_March_4,_2009",1975
Time_March_until_June_2012,1976
"Time_May_12,_2006",1977
"Time_May_16,_2006",1978
"Time_May_18,_2012",1979
"Time_May_20,_2006",1980
Time_May_2007,1981
"Time_May_29,_2006",1982
Time_Mon_Mar_5_14:17:08_2012,1983
"Time_November_1,_2011",1984
"Time_November_19,_2014",1985
Time_November_2005,1986
Time_November_2009,1987
"Time_November_29,_2011",1988
Time_October_2010,1989
Time_October_2012,1990
"Time_October_25,_2011",1991
"Time_Sept._27,_2006",1992
"Time_Sept._30,_2006",1993
Time_September_2011,1994
Time_early_2011,1995
Time_late_2009,1996
Time_mid-2012,1997
Time_midSeptember,1998
Time_second_week_of_June,1999
TrojanHorse_Backdoor.Odivy,2000
TrojanHorse_Booli.A_Trojan,2001
TrojanHorse_Booli.B_Trojan,2002
TrojanHorse_Falcon\DllServiceTrojan\Release\DllServiceTrojan.pdb,2003
TrojanHorse_GinWui,2004
TrojanHorse_GinWui.A,2005
TrojanHorse_GinWui.B,2006
TrojanHorse_GinWui.C,2007
TrojanHorse_Hydraq,2008
TrojanHorse_IEXPL0RE,2009
TrojanHorse_IEXPL0RE_RAT,2010
TrojanHorse_LURK,2011
TrojanHorse_Mirage,2012
TrojanHorse_PcShare,2013
TrojanHorse_PcShares,2014
TrojanHorse_PoisonIvy,2015
TrojanHorse_Poison_Ivy,2016
TrojanHorse_Remote_Access_Trojan,2017
TrojanHorse_RipGof.B,2018
TrojanHorse_Sogu,2019
TrojanHorse_Thoper,2020
TrojanHorse_Troj/ReRol.A,2021
TrojanHorse_Trojan.APT.BaneChant,2022
TrojanHorse_Trojan.APT.Seinup,2023
TrojanHorse_Trojan.Win32.AgentBypass,2024
TrojanHorse_Win32/Spy.Agent.NVL,2025
TrojanHorse_Win32/Spy.Agent.NZD,2026
TrojanHorse_Win32/Spy.Agent.OAZ,2027
TrojanHorse_Win32/Spy.Agent.OBF,2028
TrojanHorse_Win32/Spy.Agent.OBV,2029
TrojanHorse_Win32/Spy.KeyLogger.NZL,2030
TrojanHorse_Win32/Spy.KeyLogger.NZN,2031
TrojanHorse_Win32/Spy.VB.NOF,2032
TrojanHorse_Win32/Spy.VB.NRP,2033
TrojanHorse_Win32/TrojanDownloader.Agent.RNT,2034
TrojanHorse_Win32/TrojanDownloader.Agent.RNV,2035
TrojanHorse_Win32/TrojanDownloader.Agent.RNW,2036
TrojanHorse_Win32/VB.NTC,2037
TrojanHorse_Win32/VB.NVM,2038
TrojanHorse_Win32/VB.NWB,2039
TrojanHorse_Win32/VB.QPK,2040
TrojanHorse_Win32/VB.QTV,2041
TrojanHorse_Win32/VB.QTY,2042
TrojanHorse_winguis.dll,2043
Vector_11388_sending_email,2044
Vector_11441_fake_login_pages,2045
Vector_11490_propagation_of_anti-censorship_software,2046
Vector_iFrame,2047
Vector_private_messages_via_social_media,2048
Vulnerability_5369_CVE-2012-_0158,2049
Vulnerability_CVE-2006-3730,2050
Vulnerability_CVE-2007-4848,2051
Vulnerability_CVE-2008-4250,2052
Vulnerability_CVE-2009-0563,2053
Vulnerability_CVE-2009-09274,2054
Vulnerability_CVE-2009-3129.9,2055
Vulnerability_CVE-2009-4324,2056
Vulnerability_CVE-2009-43243,2057
Vulnerability_CVE-20093129,2058
Vulnerability_CVE-20094324,2059
Vulnerability_CVE-2010-0842,2060
Vulnerability_CVE-2010-1297,2061
Vulnerability_CVE-2010-2568,2062
Vulnerability_CVE-2010-2729,2063
Vulnerability_CVE-2010-2743,2064
Vulnerability_CVE-2010-2772,2065
Vulnerability_CVE-2010-2883,2066
Vulnerability_CVE-2010-3888,2067
Vulnerability_CVE-2011-06095,2068
Vulnerability_CVE-2011-06098,2069
Vulnerability_CVE-2011-06116,2070
Vulnerability_CVE-2011-1269,2071
Vulnerability_CVE-2011-2462,2072
Vulnerability_CVE-20110611,2073
Vulnerability_CVE-2012-0158,2074
Vulnerability_CVE-2012-0507,2075
Vulnerability_CVE-2012-0779,2076
Vulnerability_CVE-2012-1535,2077
Vulnerability_CVE-2012-1723,2078
Vulnerability_CVE-2012-1875,2079
Vulnerability_CVE-2012-1889,2080
Vulnerability_CVE-2012-3015,2081
Vulnerability_CVE-2012-4792,2082
Vulnerability_CVE-2012-5054,2083
Vulnerability_CVE-2013-0634,2084
Vulnerability_CVE-2013-0640,2085
Vulnerability_CVE-2014-0322,2086
Vulnerability_CVE-2014-1761,2087
Vulnerability_CVE-2014-4113,2088
Vulnerability_CVE-2014-6332,2089
Vulnerability_CVE-20140502,2090
Vulnerability_CVE2009-4324,2091
Vulnerability_CVE2012-3015,2092
Vulnerability_CVE2012-5054,2093
Vulnerability_Core_Services_Remote_Code_Execution,2094
Vulnerability_MS06-057,2095
Vulnerability_MS09-025,2096
Vulnerability_MS12-060,2097
Vulnerability_Object_Type_Confusion_Remote_Code_Execution,2098
Vulnerability_Remote_Code_Execution,2099
Vulnerability_Same_ID_Property_Remote_Code_Execution,2100
Vulnerability_util.printd,2101
